ts,asset_id,part,tag,value,unit,quality,source
2026-09-12T13:50:00.000-04:00,T1,T_Machine_Static,cycle_s,2.0,s,192,vlft:process
2026-09-12T13:50:00.000-04:00,T1,T_Machine_Static,busy,1,bool,192,vlft:process
2026-09-12T13:50:00.000-04:00,T1,T_Machine_Static,job_id,1,id,192,vlft:process
2026-09-12T13:50:01.000-04:00,T1,T_Machine_Static,cycle_s,2.0,s,192,vlft:process
2026-09-12T13:50:01.000-04:00,T1,T_Machine_Static,busy,1,bool,192,vlft:process
2026-09-12T13:50:01.000-04:00,T1,T_Machine_Static,job_id,1,id,192,vlft:process
2026-09-12T13:50:02.000-04:00,T1,T_Machine_Static,cycle_s,2.0,s,192,vlft:process
2026-09-12T13:50:02.000-04:00,T1,T_Machine_Static,busy,0,bool,192,vlft:process
2026-09-12T13:50:02.000-04:00,T1,T_Machine_Static,job_id,1,id,192,vlft:process
2026-09-12T13:50:03.000-04:00,T1,T_Machine_Static,cycle_s,2.0,s,192,vlft:process
2026-09-12T13:50:03.000-04:00,T1,T_Machine_Static,busy,0,bool,192,vlft:process
2026-09-12T13:50:03.000-04:00,T1,T_Machine_Static,job_id,1,id,192,vlft:process
2026-09-12T13:50:04.000-04:00,T1,T_Machine_Static,cycle_s,2.0,s,192,vlft:process
2026-09-12T13:50:04.000-04:00,T1,T_Machine_Static,busy,0,bool,192,vlft:process
2026-09-12T13:50:04.000-04:00,T1,T_Machine_Static,job_id,1,id,192,vlft:process
2026-09-12T13:50:05.000-04:00,T1,T_Machine_Static,cycle_s,2.0,s,192,vlft:process
2026-09-12T13:50:05.000-04:00,T1,T_Machine_Static,busy,0,bool,192,vlft:process
2026-09-12T13:50:05.000-04:00,T1,T_Machine_Static,job_id,1,id,192,vlft:process
2026-09-12T13:50:06.000-04:00,T1,T_Machine_Static,cycle_s,2.0,s,192,vlft:process
2026-09-12T13:50:06.000-04:00,T1,T_Machine_Static,busy,0,bool,192,vlft:process
2026-09-12T13:50:06.000-04:00,T1,T_Machine_Static,job_id,1,id,192,vlft:process
2026-09-12T13:50:07.000-04:00,T1,T_Machine_Static,cycle_s,2.0,s,192,vlft:process
2026-09-12T13:50:07.000-04:00,T1,T_Machine_Static,busy,0,bool,192,vlft:process
2026-09-12T13:50:07.000-04:00,T1,T_Machine_Static,job_id,1,id,192,vlft:process
2026-09-12T13:50:08.000-04:00,T1,T_Machine_Static,cycle_s,2.0,s,192,vlft:process
2026-09-12T13:50:08.000-04:00,T1,T_Machine_Static,busy,1,bool,192,vlft:process
2026-09-12T13:50:08.000-04:00,T1,T_Machine_Static,job_id,2,id,192,vlft:process
2026-09-12T13:50:09.000-04:00,T1,T_Machine_Static,cycle_s,2.0,s,192,vlft:process
2026-09-12T13:50:09.000-04:00,T1,T_Machine_Static,busy,1,bool,192,vlft:process
2026-09-12T13:50:09.000-04:00,T1,T_Machine_Static,job_id,2,id,192,vlft:process
2026-09-12T13:50:10.000-04:00,T1,T_Machine_Static,cycle_s,2.0,s,192,vlft:process
2026-09-12T13:50:10.000-04:00,T1,T_Machine_Static,busy,0,bool,192,vlft:process
2026-09-12T13:50:10.000-04:00,T1,T_Machine_Static,job_id,2,id,192,vlft:process
2026-09-12T13:50:11.000-04:00,T1,T_Machine_Static,cycle_s,2.0,s,192,vlft:process
2026-09-12T13:50:11.000-04:00,T1,T_Machine_Static,busy,0,bool,192,vlft:process
2026-09-12T13:50:11.000-04:00,T1,T_Machine_Static,job_id,2,id,192,vlft:process
2026-09-12T13:50:12.000-04:00,T1,T_Machine_Static,cycle_s,2.0,s,192,vlft:process
2026-09-12T13:50:12.000-04:00,T1,T_Machine_Static,busy,0,bool,192,vlft:process
2026-09-12T13:50:12.000-04:00,T1,T_Machine_Static,job_id,2,id,192,vlft:process
2026-09-12T13:50:13.000-04:00,T1,T_Machine_Static,cycle_s,2.0,s,192,vlft:process
2026-09-12T13:50:13.000-04:00,T1,T_Machine_Static,busy,0,bool,192,vlft:process
2026-09-12T13:50:13.000-04:00,T1,T_Machine_Static,job_id,2,id,192,vlft:process
2026-09-12T13:50:14.000-04:00,T1,T_Machine_Static,cycle_s,2.0,s,192,vlft:process
2026-09-12T13:50:14.000-04:00,T1,T_Machine_Static,busy,0,bool,192,vlft:process
2026-09-12T13:50:14.000-04:00,T1,T_Machine_Static,job_id,2,id,192,vlft:process
2026-09-12T13:50:15.000-04:00,T1,T_Machine_Static,cycle_s,2.0,s,192,vlft:process
2026-09-12T13:50:15.000-04:00,T1,T_Machine_Static,busy,0,bool,192,vlft:process
2026-09-12T13:50:15.000-04:00,T1,T_Machine_Static,job_id,2,id,192,vlft:process
2026-09-12T13:50:16.000-04:00,T1,T_Machine_Static,cycle_s,2.0,s,192,vlft:process
2026-09-12T13:50:16.000-04:00,T1,T_Machine_Static,busy,1,bool,192,vlft:process
2026-09-12T13:50:16.000-04:00,T1,T_Machine_Static,job_id,3,id,192,vlft:process
2026-09-12T13:50:17.000-04:00,T1,T_Machine_Static,cycle_s,2.0,s,192,vlft:process
2026-09-12T13:50:17.000-04:00,T1,T_Machine_Static,busy,1,bool,192,vlft:process
2026-09-12T13:50:17.000-04:00,T1,T_Machine_Static,job_id,3,id,192,vlft:process
2026-09-12T13:50:18.000-04:00,T1,T_Machine_Static,cycle_s,2.0,s,192,vlft:process
2026-09-12T13:50:18.000-04:00,T1,T_Machine_Static,busy,0,bool,192,vlft:process
2026-09-12T13:50:18.000-04:00,T1,T_Machine_Static,job_id,3,id,192,vlft:process
2026-09-12T13:50:19.000-04:00,T1,T_Machine_Static,cycle_s,2.0,s,192,vlft:process
2026-09-12T13:50:19.000-04:00,T1,T_Machine_Static,busy,0,bool,192,vlft:process
2026-09-12T13:50:19.000-04:00,T1,T_Machine_Static,job_id,3,id,192,vlft:process
2026-09-12T13:50:20.000-04:00,T1,T_Machine_Static,cycle_s,2.0,s,192,vlft:process
2026-09-12T13:50:20.000-04:00,T1,T_Machine_Static,busy,0,bool,192,vlft:process
2026-09-12T13:50:20.000-04:00,T1,T_Machine_Static,job_id,3,id,192,vlft:process
2026-09-12T13:50:21.000-04:00,T1,T_Machine_Static,cycle_s,2.0,s,192,vlft:process
2026-09-12T13:50:21.000-04:00,T1,T_Machine_Static,busy,0,bool,192,vlft:process
2026-09-12T13:50:21.000-04:00,T1,T_Machine_Static,job_id,3,id,192,vlft:process
2026-09-12T13:50:22.000-04:00,T1,T_Machine_Static,cycle_s,2.0,s,192,vlft:process
2026-09-12T13:50:22.000-04:00,T1,T_Machine_Static,busy,0,bool,192,vlft:process
2026-09-12T13:50:22.000-04:00,T1,T_Machine_Static,job_id,3,id,192,vlft:process
2026-09-12T13:50:23.000-04:00,T1,T_Machine_Static,cycle_s,2.0,s,192,vlft:process
2026-09-12T13:50:23.000-04:00,T1,T_Machine_Static,busy,0,bool,192,vlft:process
2026-09-12T13:50:23.000-04:00,T1,T_Machine_Static,job_id,3,id,192,vlft:process
2026-09-12T13:50:24.000-04:00,T1,T_Machine_Static,cycle_s,2.0,s,192,vlft:process
2026-09-12T13:50:24.000-04:00,T1,T_Machine_Static,busy,1,bool,192,vlft:process
2026-09-12T13:50:24.000-04:00,T1,T_Machine_Static,job_id,4,id,192,vlft:process
2026-09-12T13:50:25.000-04:00,T1,T_Machine_Static,cycle_s,2.0,s,192,vlft:process
2026-09-12T13:50:25.000-04:00,T1,T_Machine_Static,busy,1,bool,192,vlft:process
2026-09-12T13:50:25.000-04:00,T1,T_Machine_Static,job_id,4,id,192,vlft:process
2026-09-12T13:50:26.000-04:00,T1,T_Machine_Static,cycle_s,2.0,s,192,vlft:process
2026-09-12T13:50:26.000-04:00,T1,T_Machine_Static,busy,0,bool,192,vlft:process
2026-09-12T13:50:26.000-04:00,T1,T_Machine_Static,job_id,4,id,192,vlft:process
2026-09-12T13:50:27.000-04:00,T1,T_Machine_Static,cycle_s,2.0,s,192,vlft:process
2026-09-12T13:50:27.000-04:00,T1,T_Machine_Static,busy,0,bool,192,vlft:process
2026-09-12T13:50:27.000-04:00,T1,T_Machine_Static,job_id,4,id,192,vlft:process
2026-09-12T13:50:28.000-04:00,T1,T_Machine_Static,cycle_s,2.0,s,192,vlft:process
2026-09-12T13:50:28.000-04:00,T1,T_Machine_Static,busy,0,bool,192,vlft:process
2026-09-12T13:50:28.000-04:00,T1,T_Machine_Static,job_id,4,id,192,vlft:process
2026-09-12T13:50:29.000-04:00,T1,T_Machine_Static,cycle_s,2.0,s,192,vlft:process
2026-09-12T13:50:29.000-04:00,T1,T_Machine_Static,busy,0,bool,192,vlft:process
2026-09-12T13:50:29.000-04:00,T1,T_Machine_Static,job_id,4,id,192,vlft:process
2026-09-12T13:50:30.000-04:00,T1,T_Machine_Static,cycle_s,2.0,s,192,vlft:process
2026-09-12T13:50:30.000-04:00,T1,T_Machine_Static,busy,0,bool,192,vlft:process
2026-09-12T13:50:30.000-04:00,T1,T_Machine_Static,job_id,4,id,192,vlft:process
2026-09-12T13:50:31.000-04:00,T1,T_Machine_Static,cycle_s,2.0,s,192,vlft:process
2026-09-12T13:50:31.000-04:00,T1,T_Machine_Static,busy,0,bool,192,vlft:process
2026-09-12T13:50:31.000-04:00,T1,T_Machine_Static,job_id,4,id,192,vlft:process
2026-09-12T13:50:32.000-04:00,T1,T_Machine_Static,cycle_s,2.0,s,192,vlft:process
2026-09-12T13:50:32.000-04:00,T1,T_Machine_Static,busy,1,bool,192,vlft:process
2026-09-12T13:50:32.000-04:00,T1,T_Machine_Static,job_id,5,id,192,vlft:process
2026-09-12T13:50:33.000-04:00,T1,T_Machine_Static,cycle_s,2.0,s,192,vlft:process
2026-09-12T13:50:33.000-04:00,T1,T_Machine_Static,busy,1,bool,192,vlft:process
2026-09-12T13:50:33.000-04:00,T1,T_Machine_Static,job_id,5,id,192,vlft:process
2026-09-12T13:50:34.000-04:00,T1,T_Machine_Static,cycle_s,2.0,s,192,vlft:process
2026-09-12T13:50:34.000-04:00,T1,T_Machine_Static,busy,0,bool,192,vlft:process
2026-09-12T13:50:34.000-04:00,T1,T_Machine_Static,job_id,5,id,192,vlft:process
2026-09-12T13:50:35.000-04:00,T1,T_Machine_Static,cycle_s,2.0,s,192,vlft:process
2026-09-12T13:50:35.000-04:00,T1,T_Machine_Static,busy,0,bool,192,vlft:process
2026-09-12T13:50:35.000-04:00,T1,T_Machine_Static,job_id,5,id,192,vlft:process
2026-09-12T13:50:36.000-04:00,T1,T_Machine_Static,cycle_s,2.0,s,192,vlft:process
2026-09-12T13:50:36.000-04:00,T1,T_Machine_Static,busy,0,bool,192,vlft:process
2026-09-12T13:50:36.000-04:00,T1,T_Machine_Static,job_id,5,id,192,vlft:process
2026-09-12T13:50:37.000-04:00,T1,T_Machine_Static,cycle_s,2.0,s,192,vlft:process
2026-09-12T13:50:37.000-04:00,T1,T_Machine_Static,busy,0,bool,192,vlft:process
2026-09-12T13:50:37.000-04:00,T1,T_Machine_Static,job_id,5,id,192,vlft:process
2026-09-12T13:50:38.000-04:00,T1,T_Machine_Static,cycle_s,2.0,s,192,vlft:process
2026-09-12T13:50:38.000-04:00,T1,T_Machine_Static,busy,0,bool,192,vlft:process
2026-09-12T13:50:38.000-04:00,T1,T_Machine_Static,job_id,5,id,192,vlft:process
2026-09-12T13:50:39.000-04:00,T1,T_Machine_Static,cycle_s,2.0,s,192,vlft:process
2026-09-12T13:50:39.000-04:00,T1,T_Machine_Static,busy,0,bool,192,vlft:process
2026-09-12T13:50:39.000-04:00,T1,T_Machine_Static,job_id,5,id,192,vlft:process
2026-09-12T13:50:40.000-04:00,T1,T_Machine_Static,cycle_s,2.0,s,192,vlft:process
2026-09-12T13:50:40.000-04:00,T1,T_Machine_Static,busy,1,bool,192,vlft:process
2026-09-12T13:50:40.000-04:00,T1,T_Machine_Static,job_id,6,id,192,vlft:process
2026-09-12T13:50:41.000-04:00,T1,T_Machine_Static,cycle_s,2.0,s,192,vlft:process
2026-09-12T13:50:41.000-04:00,T1,T_Machine_Static,busy,1,bool,192,vlft:process
2026-09-12T13:50:41.000-04:00,T1,T_Machine_Static,job_id,6,id,192,vlft:process
2026-09-12T13:50:42.000-04:00,T1,T_Machine_Static,cycle_s,2.0,s,192,vlft:process
2026-09-12T13:50:42.000-04:00,T1,T_Machine_Static,busy,0,bool,192,vlft:process
2026-09-12T13:50:42.000-04:00,T1,T_Machine_Static,job_id,6,id,192,vlft:process
2026-09-12T13:50:43.000-04:00,T1,T_Machine_Static,cycle_s,2.0,s,192,vlft:process
2026-09-12T13:50:43.000-04:00,T1,T_Machine_Static,busy,0,bool,192,vlft:process
2026-09-12T13:50:43.000-04:00,T1,T_Machine_Static,job_id,6,id,192,vlft:process
2026-09-12T13:50:44.000-04:00,T1,T_Machine_Static,cycle_s,2.0,s,192,vlft:process
2026-09-12T13:50:44.000-04:00,T1,T_Machine_Static,busy,0,bool,192,vlft:process
2026-09-12T13:50:44.000-04:00,T1,T_Machine_Static,job_id,6,id,192,vlft:process
2026-09-12T13:50:45.000-04:00,T1,T_Machine_Static,cycle_s,2.0,s,192,vlft:process
2026-09-12T13:50:45.000-04:00,T1,T_Machine_Static,busy,0,bool,192,vlft:process
2026-09-12T13:50:45.000-04:00,T1,T_Machine_Static,job_id,6,id,192,vlft:process
2026-09-12T13:50:46.000-04:00,T1,T_Machine_Static,cycle_s,2.0,s,192,vlft:process
2026-09-12T13:50:46.000-04:00,T1,T_Machine_Static,busy,0,bool,192,vlft:process
2026-09-12T13:50:46.000-04:00,T1,T_Machine_Static,job_id,6,id,192,vlft:process
2026-09-12T13:50:47.000-04:00,T1,T_Machine_Static,cycle_s,2.0,s,192,vlft:process
2026-09-12T13:50:47.000-04:00,T1,T_Machine_Static,busy,0,bool,192,vlft:process
2026-09-12T13:50:47.000-04:00,T1,T_Machine_Static,job_id,6,id,192,vlft:process
2026-09-12T13:50:48.000-04:00,T1,T_Machine_Static,cycle_s,2.0,s,192,vlft:process
2026-09-12T13:50:48.000-04:00,T1,T_Machine_Static,busy,1,bool,192,vlft:process
2026-09-12T13:50:48.000-04:00,T1,T_Machine_Static,job_id,7,id,192,vlft:process
2026-09-12T13:50:49.000-04:00,T1,T_Machine_Static,cycle_s,2.0,s,192,vlft:process
2026-09-12T13:50:49.000-04:00,T1,T_Machine_Static,busy,1,bool,192,vlft:process
2026-09-12T13:50:49.000-04:00,T1,T_Machine_Static,job_id,7,id,192,vlft:process
2026-09-12T13:50:50.000-04:00,T1,T_Machine_Static,cycle_s,2.0,s,192,vlft:process
2026-09-12T13:50:50.000-04:00,T1,T_Machine_Static,busy,0,bool,192,vlft:process
2026-09-12T13:50:50.000-04:00,T1,T_Machine_Static,job_id,7,id,192,vlft:process
2026-09-12T13:50:51.000-04:00,T1,T_Machine_Static,cycle_s,2.0,s,192,vlft:process
2026-09-12T13:50:51.000-04:00,T1,T_Machine_Static,busy,0,bool,192,vlft:process
2026-09-12T13:50:51.000-04:00,T1,T_Machine_Static,job_id,7,id,192,vlft:process
2026-09-12T13:50:52.000-04:00,T1,T_Machine_Static,cycle_s,2.0,s,192,vlft:process
2026-09-12T13:50:52.000-04:00,T1,T_Machine_Static,busy,0,bool,192,vlft:process
2026-09-12T13:50:52.000-04:00,T1,T_Machine_Static,job_id,7,id,192,vlft:process
2026-09-12T13:50:53.000-04:00,T1,T_Machine_Static,cycle_s,2.0,s,192,vlft:process
2026-09-12T13:50:53.000-04:00,T1,T_Machine_Static,busy,0,bool,192,vlft:process
2026-09-12T13:50:53.000-04:00,T1,T_Machine_Static,job_id,7,id,192,vlft:process
2026-09-12T13:50:54.000-04:00,T1,T_Machine_Static,cycle_s,2.0,s,192,vlft:process
2026-09-12T13:50:54.000-04:00,T1,T_Machine_Static,busy,0,bool,192,vlft:process
2026-09-12T13:50:54.000-04:00,T1,T_Machine_Static,job_id,7,id,192,vlft:process
2026-09-12T13:50:55.000-04:00,T1,T_Machine_Static,cycle_s,2.0,s,192,vlft:process
2026-09-12T13:50:55.000-04:00,T1,T_Machine_Static,busy,0,bool,192,vlft:process
2026-09-12T13:50:55.000-04:00,T1,T_Machine_Static,job_id,7,id,192,vlft:process
2026-09-12T13:50:56.000-04:00,T1,T_Machine_Static,cycle_s,2.0,s,192,vlft:process
2026-09-12T13:50:56.000-04:00,T1,T_Machine_Static,busy,1,bool,192,vlft:process
2026-09-12T13:50:56.000-04:00,T1,T_Machine_Static,job_id,8,id,192,vlft:process
2026-09-12T13:50:57.000-04:00,T1,T_Machine_Static,cycle_s,2.0,s,192,vlft:process
2026-09-12T13:50:57.000-04:00,T1,T_Machine_Static,busy,1,bool,192,vlft:process
2026-09-12T13:50:57.000-04:00,T1,T_Machine_Static,job_id,8,id,192,vlft:process
2026-09-12T13:50:58.000-04:00,T1,T_Machine_Static,cycle_s,2.0,s,192,vlft:process
2026-09-12T13:50:58.000-04:00,T1,T_Machine_Static,busy,0,bool,192,vlft:process
2026-09-12T13:50:58.000-04:00,T1,T_Machine_Static,job_id,8,id,192,vlft:process
2026-09-12T13:50:59.000-04:00,T1,T_Machine_Static,cycle_s,2.0,s,192,vlft:process
2026-09-12T13:50:59.000-04:00,T1,T_Machine_Static,busy,0,bool,192,vlft:process
2026-09-12T13:50:59.000-04:00,T1,T_Machine_Static,job_id,8,id,192,vlft:process
2026-09-12T13:51:00.000-04:00,T1,T_Machine_Static,cycle_s,2.0,s,192,vlft:process
2026-09-12T13:51:00.000-04:00,T1,T_Machine_Static,busy,0,bool,192,vlft:process
2026-09-12T13:51:00.000-04:00,T1,T_Machine_Static,job_id,8,id,192,vlft:process
2026-09-12T13:51:01.000-04:00,T1,T_Machine_Static,cycle_s,2.0,s,192,vlft:process
2026-09-12T13:51:01.000-04:00,T1,T_Machine_Static,busy,0,bool,192,vlft:process
2026-09-12T13:51:01.000-04:00,T1,T_Machine_Static,job_id,8,id,192,vlft:process
2026-09-12T13:51:02.000-04:00,T1,T_Machine_Static,cycle_s,2.0,s,192,vlft:process
2026-09-12T13:51:02.000-04:00,T1,T_Machine_Static,busy,0,bool,192,vlft:process
2026-09-12T13:51:02.000-04:00,T1,T_Machine_Static,job_id,8,id,192,vlft:process
2026-09-12T13:51:03.000-04:00,T1,T_Machine_Static,cycle_s,2.0,s,192,vlft:process
2026-09-12T13:51:03.000-04:00,T1,T_Machine_Static,busy,0,bool,192,vlft:process
2026-09-12T13:51:03.000-04:00,T1,T_Machine_Static,job_id,8,id,192,vlft:process
2026-09-12T13:51:04.000-04:00,T1,T_Machine_Static,cycle_s,2.0,s,192,vlft:process
2026-09-12T13:51:04.000-04:00,T1,T_Machine_Static,busy,1,bool,192,vlft:process
2026-09-12T13:51:04.000-04:00,T1,T_Machine_Static,job_id,9,id,192,vlft:process
2026-09-12T13:51:05.000-04:00,T1,T_Machine_Static,cycle_s,2.0,s,192,vlft:process
2026-09-12T13:51:05.000-04:00,T1,T_Machine_Static,busy,1,bool,192,vlft:process
2026-09-12T13:51:05.000-04:00,T1,T_Machine_Static,job_id,9,id,192,vlft:process
2026-09-12T13:51:06.000-04:00,T1,T_Machine_Static,cycle_s,2.0,s,192,vlft:process
2026-09-12T13:51:06.000-04:00,T1,T_Machine_Static,busy,0,bool,192,vlft:process
2026-09-12T13:51:06.000-04:00,T1,T_Machine_Static,job_id,9,id,192,vlft:process
2026-09-12T13:51:07.000-04:00,T1,T_Machine_Static,cycle_s,2.0,s,192,vlft:process
2026-09-12T13:51:07.000-04:00,T1,T_Machine_Static,busy,0,bool,192,vlft:process
2026-09-12T13:51:07.000-04:00,T1,T_Machine_Static,job_id,9,id,192,vlft:process
2026-09-12T13:51:08.000-04:00,T1,T_Machine_Static,cycle_s,2.0,s,192,vlft:process
2026-09-12T13:51:08.000-04:00,T1,T_Machine_Static,busy,0,bool,192,vlft:process
2026-09-12T13:51:08.000-04:00,T1,T_Machine_Static,job_id,9,id,192,vlft:process
2026-09-12T13:51:09.000-04:00,T1,T_Machine_Static,cycle_s,2.0,s,192,vlft:process
2026-09-12T13:51:09.000-04:00,T1,T_Machine_Static,busy,0,bool,192,vlft:process
2026-09-12T13:51:09.000-04:00,T1,T_Machine_Static,job_id,9,id,192,vlft:process
2026-09-12T13:51:10.000-04:00,T1,T_Machine_Static,cycle_s,2.0,s,192,vlft:process
2026-09-12T13:51:10.000-04:00,T1,T_Machine_Static,busy,0,bool,192,vlft:process
2026-09-12T13:51:10.000-04:00,T1,T_Machine_Static,job_id,9,id,192,vlft:process
2026-09-12T13:51:11.000-04:00,T1,T_Machine_Static,cycle_s,2.0,s,192,vlft:process
2026-09-12T13:51:11.000-04:00,T1,T_Machine_Static,busy,0,bool,192,vlft:process
2026-09-12T13:51:11.000-04:00,T1,T_Machine_Static,job_id,9,id,192,vlft:process
2026-09-12T13:51:12.000-04:00,T1,T_Machine_Static,cycle_s,2.0,s,192,vlft:process
2026-09-12T13:51:12.000-04:00,T1,T_Machine_Static,busy,1,bool,192,vlft:process
2026-09-12T13:51:12.000-04:00,T1,T_Machine_Static,job_id,10,id,192,vlft:process
2026-09-12T13:51:13.000-04:00,T1,T_Machine_Static,cycle_s,2.0,s,192,vlft:process
2026-09-12T13:51:13.000-04:00,T1,T_Machine_Static,busy,1,bool,192,vlft:process
2026-09-12T13:51:13.000-04:00,T1,T_Machine_Static,job_id,10,id,192,vlft:process
2026-09-12T13:51:14.000-04:00,T1,T_Machine_Static,cycle_s,2.0,s,192,vlft:process
2026-09-12T13:51:14.000-04:00,T1,T_Machine_Static,busy,0,bool,192,vlft:process
2026-09-12T13:51:14.000-04:00,T1,T_Machine_Static,job_id,10,id,192,vlft:process
2026-09-12T13:51:15.000-04:00,T1,T_Machine_Static,cycle_s,2.0,s,192,vlft:process
2026-09-12T13:51:15.000-04:00,T1,T_Machine_Static,busy,0,bool,192,vlft:process
2026-09-12T13:51:15.000-04:00,T1,T_Machine_Static,job_id,10,id,192,vlft:process
2026-09-12T13:51:16.000-04:00,T1,T_Machine_Static,cycle_s,2.0,s,192,vlft:process
2026-09-12T13:51:16.000-04:00,T1,T_Machine_Static,busy,0,bool,192,vlft:process
2026-09-12T13:51:16.000-04:00,T1,T_Machine_Static,job_id,10,id,192,vlft:process
2026-09-12T13:51:17.000-04:00,T1,T_Machine_Static,cycle_s,2.0,s,192,vlft:process
2026-09-12T13:51:17.000-04:00,T1,T_Machine_Static,busy,0,bool,192,vlft:process
2026-09-12T13:51:17.000-04:00,T1,T_Machine_Static,job_id,10,id,192,vlft:process
2026-09-12T13:51:18.000-04:00,T1,T_Machine_Static,cycle_s,2.0,s,192,vlft:process
2026-09-12T13:51:18.000-04:00,T1,T_Machine_Static,busy,0,bool,192,vlft:process
2026-09-12T13:51:18.000-04:00,T1,T_Machine_Static,job_id,10,id,192,vlft:process
2026-09-12T13:51:19.000-04:00,T1,T_Machine_Static,cycle_s,2.0,s,192,vlft:process
2026-09-12T13:51:19.000-04:00,T1,T_Machine_Static,busy,0,bool,192,vlft:process
2026-09-12T13:51:19.000-04:00,T1,T_Machine_Static,job_id,10,id,192,vlft:process
2026-09-12T13:51:20.000-04:00,T1,T_Machine_Static,cycle_s,2.0,s,192,vlft:process
2026-09-12T13:51:20.000-04:00,T1,T_Machine_Static,busy,1,bool,192,vlft:process
2026-09-12T13:51:20.000-04:00,T1,T_Machine_Static,job_id,11,id,192,vlft:process
2026-09-12T13:51:21.000-04:00,T1,T_Machine_Static,cycle_s,2.0,s,192,vlft:process
2026-09-12T13:51:21.000-04:00,T1,T_Machine_Static,busy,1,bool,192,vlft:process
2026-09-12T13:51:21.000-04:00,T1,T_Machine_Static,job_id,11,id,192,vlft:process
2026-09-12T13:51:22.000-04:00,T1,T_Machine_Static,cycle_s,2.0,s,192,vlft:process
2026-09-12T13:51:22.000-04:00,T1,T_Machine_Static,busy,0,bool,192,vlft:process
2026-09-12T13:51:22.000-04:00,T1,T_Machine_Static,job_id,11,id,192,vlft:process
2026-09-12T13:51:23.000-04:00,T1,T_Machine_Static,cycle_s,2.0,s,192,vlft:process
2026-09-12T13:51:23.000-04:00,T1,T_Machine_Static,busy,0,bool,192,vlft:process
2026-09-12T13:51:23.000-04:00,T1,T_Machine_Static,job_id,11,id,192,vlft:process
2026-09-12T13:51:24.000-04:00,T1,T_Machine_Static,cycle_s,2.0,s,192,vlft:process
2026-09-12T13:51:24.000-04:00,T1,T_Machine_Static,busy,0,bool,192,vlft:process
2026-09-12T13:51:24.000-04:00,T1,T_Machine_Static,job_id,11,id,192,vlft:process
2026-09-12T13:51:25.000-04:00,T1,T_Machine_Static,cycle_s,2.0,s,192,vlft:process
2026-09-12T13:51:25.000-04:00,T1,T_Machine_Static,busy,0,bool,192,vlft:process
2026-09-12T13:51:25.000-04:00,T1,T_Machine_Static,job_id,11,id,192,vlft:process
2026-09-12T13:51:26.000-04:00,T1,T_Machine_Static,cycle_s,2.0,s,192,vlft:process
2026-09-12T13:51:26.000-04:00,T1,T_Machine_Static,busy,0,bool,192,vlft:process
2026-09-12T13:51:26.000-04:00,T1,T_Machine_Static,job_id,11,id,192,vlft:process
2026-09-12T13:51:27.000-04:00,T1,T_Machine_Static,cycle_s,2.0,s,192,vlft:process
2026-09-12T13:51:27.000-04:00,T1,T_Machine_Static,busy,0,bool,192,vlft:process
2026-09-12T13:51:27.000-04:00,T1,T_Machine_Static,job_id,11,id,192,vlft:process
2026-09-12T13:51:28.000-04:00,T1,T_Machine_Static,cycle_s,2.0,s,192,vlft:process
2026-09-12T13:51:28.000-04:00,T1,T_Machine_Static,busy,1,bool,192,vlft:process
2026-09-12T13:51:28.000-04:00,T1,T_Machine_Static,job_id,12,id,192,vlft:process
2026-09-12T13:51:29.000-04:00,T1,T_Machine_Static,cycle_s,2.0,s,192,vlft:process
2026-09-12T13:51:29.000-04:00,T1,T_Machine_Static,busy,1,bool,192,vlft:process
2026-09-12T13:51:29.000-04:00,T1,T_Machine_Static,job_id,12,id,192,vlft:process
2026-09-12T13:51:30.000-04:00,T1,T_Machine_Static,cycle_s,2.0,s,192,vlft:process
2026-09-12T13:51:30.000-04:00,T1,T_Machine_Static,busy,0,bool,192,vlft:process
2026-09-12T13:51:30.000-04:00,T1,T_Machine_Static,job_id,12,id,192,vlft:process
2026-09-12T13:51:31.000-04:00,T1,T_Machine_Static,cycle_s,2.0,s,192,vlft:process
2026-09-12T13:51:31.000-04:00,T1,T_Machine_Static,busy,0,bool,192,vlft:process
2026-09-12T13:51:31.000-04:00,T1,T_Machine_Static,job_id,12,id,192,vlft:process
2026-09-12T13:51:32.000-04:00,T1,T_Machine_Static,cycle_s,2.0,s,192,vlft:process
2026-09-12T13:51:32.000-04:00,T1,T_Machine_Static,busy,0,bool,192,vlft:process
2026-09-12T13:51:32.000-04:00,T1,T_Machine_Static,job_id,12,id,192,vlft:process
2026-09-12T13:51:33.000-04:00,T1,T_Machine_Static,cycle_s,2.0,s,192,vlft:process
2026-09-12T13:51:33.000-04:00,T1,T_Machine_Static,busy,0,bool,192,vlft:process
2026-09-12T13:51:33.000-04:00,T1,T_Machine_Static,job_id,12,id,192,vlft:process
2026-09-12T13:51:34.000-04:00,T1,T_Machine_Static,cycle_s,2.0,s,192,vlft:process
2026-09-12T13:51:34.000-04:00,T1,T_Machine_Static,busy,0,bool,192,vlft:process
2026-09-12T13:51:34.000-04:00,T1,T_Machine_Static,job_id,12,id,192,vlft:process
2026-09-12T13:51:35.000-04:00,T1,T_Machine_Static,cycle_s,2.0,s,192,vlft:process
2026-09-12T13:51:35.000-04:00,T1,T_Machine_Static,busy,0,bool,192,vlft:process
2026-09-12T13:51:35.000-04:00,T1,T_Machine_Static,job_id,12,id,192,vlft:process
2026-09-12T13:51:36.000-04:00,T1,T_Machine_Static,cycle_s,2.0,s,192,vlft:process
2026-09-12T13:51:36.000-04:00,T1,T_Machine_Static,busy,1,bool,192,vlft:process
2026-09-12T13:51:36.000-04:00,T1,T_Machine_Static,job_id,13,id,192,vlft:process
2026-09-12T13:51:37.000-04:00,T1,T_Machine_Static,cycle_s,2.0,s,192,vlft:process
2026-09-12T13:51:37.000-04:00,T1,T_Machine_Static,busy,1,bool,192,vlft:process
2026-09-12T13:51:37.000-04:00,T1,T_Machine_Static,job_id,13,id,192,vlft:process
2026-09-12T13:51:38.000-04:00,T1,T_Machine_Static,cycle_s,2.0,s,192,vlft:process
2026-09-12T13:51:38.000-04:00,T1,T_Machine_Static,busy,0,bool,192,vlft:process
2026-09-12T13:51:38.000-04:00,T1,T_Machine_Static,job_id,13,id,192,vlft:process
2026-09-12T13:51:39.000-04:00,T1,T_Machine_Static,cycle_s,2.0,s,192,vlft:process
2026-09-12T13:51:39.000-04:00,T1,T_Machine_Static,busy,0,bool,192,vlft:process
2026-09-12T13:51:39.000-04:00,T1,T_Machine_Static,job_id,13,id,192,vlft:process
2026-09-12T13:51:40.000-04:00,T1,T_Machine_Static,cycle_s,2.0,s,192,vlft:process
2026-09-12T13:51:40.000-04:00,T1,T_Machine_Static,busy,0,bool,192,vlft:process
2026-09-12T13:51:40.000-04:00,T1,T_Machine_Static,job_id,13,id,192,vlft:process
2026-09-12T13:51:41.000-04:00,T1,T_Machine_Static,cycle_s,2.0,s,192,vlft:process
2026-09-12T13:51:41.000-04:00,T1,T_Machine_Static,busy,0,bool,192,vlft:process
2026-09-12T13:51:41.000-04:00,T1,T_Machine_Static,job_id,13,id,192,vlft:process
2026-09-12T13:51:42.000-04:00,T1,T_Machine_Static,cycle_s,2.0,s,192,vlft:process
2026-09-12T13:51:42.000-04:00,T1,T_Machine_Static,busy,0,bool,192,vlft:process
2026-09-12T13:51:42.000-04:00,T1,T_Machine_Static,job_id,13,id,192,vlft:process
2026-09-12T13:51:43.000-04:00,T1,T_Machine_Static,cycle_s,2.0,s,192,vlft:process
2026-09-12T13:51:43.000-04:00,T1,T_Machine_Static,busy,0,bool,192,vlft:process
2026-09-12T13:51:43.000-04:00,T1,T_Machine_Static,job_id,13,id,192,vlft:process
2026-09-12T13:51:44.000-04:00,T1,T_Machine_Static,cycle_s,2.0,s,192,vlft:process
2026-09-12T13:51:44.000-04:00,T1,T_Machine_Static,busy,1,bool,192,vlft:process
2026-09-12T13:51:44.000-04:00,T1,T_Machine_Static,job_id,14,id,192,vlft:process
2026-09-12T13:51:45.000-04:00,T1,T_Machine_Static,cycle_s,2.0,s,192,vlft:process
2026-09-12T13:51:45.000-04:00,T1,T_Machine_Static,busy,1,bool,192,vlft:process
2026-09-12T13:51:45.000-04:00,T1,T_Machine_Static,job_id,14,id,192,vlft:process
2026-09-12T13:51:46.000-04:00,T1,T_Machine_Static,cycle_s,2.0,s,192,vlft:process
2026-09-12T13:51:46.000-04:00,T1,T_Machine_Static,busy,0,bool,192,vlft:process
2026-09-12T13:51:46.000-04:00,T1,T_Machine_Static,job_id,14,id,192,vlft:process
2026-09-12T13:51:47.000-04:00,T1,T_Machine_Static,cycle_s,2.0,s,192,vlft:process
2026-09-12T13:51:47.000-04:00,T1,T_Machine_Static,busy,0,bool,192,vlft:process
2026-09-12T13:51:47.000-04:00,T1,T_Machine_Static,job_id,14,id,192,vlft:process
2026-09-12T13:51:48.000-04:00,T1,T_Machine_Static,cycle_s,2.0,s,192,vlft:process
2026-09-12T13:51:48.000-04:00,T1,T_Machine_Static,busy,0,bool,192,vlft:process
2026-09-12T13:51:48.000-04:00,T1,T_Machine_Static,job_id,14,id,192,vlft:process
2026-09-12T13:51:49.000-04:00,T1,T_Machine_Static,cycle_s,2.0,s,192,vlft:process
2026-09-12T13:51:49.000-04:00,T1,T_Machine_Static,busy,0,bool,192,vlft:process
2026-09-12T13:51:49.000-04:00,T1,T_Machine_Static,job_id,14,id,192,vlft:process
2026-09-12T13:51:50.000-04:00,T1,T_Machine_Static,cycle_s,2.0,s,192,vlft:process
2026-09-12T13:51:50.000-04:00,T1,T_Machine_Static,busy,0,bool,192,vlft:process
2026-09-12T13:51:50.000-04:00,T1,T_Machine_Static,job_id,14,id,192,vlft:process
2026-09-12T13:51:51.000-04:00,T1,T_Machine_Static,cycle_s,2.0,s,192,vlft:process
2026-09-12T13:51:51.000-04:00,T1,T_Machine_Static,busy,0,bool,192,vlft:process
2026-09-12T13:51:51.000-04:00,T1,T_Machine_Static,job_id,14,id,192,vlft:process
2026-09-12T13:51:52.000-04:00,T1,T_Machine_Static,cycle_s,2.0,s,192,vlft:process
2026-09-12T13:51:52.000-04:00,T1,T_Machine_Static,busy,1,bool,192,vlft:process
2026-09-12T13:51:52.000-04:00,T1,T_Machine_Static,job_id,15,id,192,vlft:process
2026-09-12T13:51:53.000-04:00,T1,T_Machine_Static,cycle_s,2.0,s,192,vlft:process
2026-09-12T13:51:53.000-04:00,T1,T_Machine_Static,busy,1,bool,192,vlft:process
2026-09-12T13:51:53.000-04:00,T1,T_Machine_Static,job_id,15,id,192,vlft:process
2026-09-12T13:51:54.000-04:00,T1,T_Machine_Static,cycle_s,2.0,s,192,vlft:process
2026-09-12T13:51:54.000-04:00,T1,T_Machine_Static,busy,0,bool,192,vlft:process
2026-09-12T13:51:54.000-04:00,T1,T_Machine_Static,job_id,15,id,192,vlft:process
2026-09-12T13:51:55.000-04:00,T1,T_Machine_Static,cycle_s,2.0,s,192,vlft:process
2026-09-12T13:51:55.000-04:00,T1,T_Machine_Static,busy,0,bool,192,vlft:process
2026-09-12T13:51:55.000-04:00,T1,T_Machine_Static,job_id,15,id,192,vlft:process
2026-09-12T13:51:56.000-04:00,T1,T_Machine_Static,cycle_s,2.0,s,192,vlft:process
2026-09-12T13:51:56.000-04:00,T1,T_Machine_Static,busy,0,bool,192,vlft:process
2026-09-12T13:51:56.000-04:00,T1,T_Machine_Static,job_id,15,id,192,vlft:process
2026-09-12T13:51:57.000-04:00,T1,T_Machine_Static,cycle_s,2.0,s,192,vlft:process
2026-09-12T13:51:57.000-04:00,T1,T_Machine_Static,busy,0,bool,192,vlft:process
2026-09-12T13:51:57.000-04:00,T1,T_Machine_Static,job_id,15,id,192,vlft:process
2026-09-12T13:51:58.000-04:00,T1,T_Machine_Static,cycle_s,2.0,s,192,vlft:process
2026-09-12T13:51:58.000-04:00,T1,T_Machine_Static,busy,0,bool,192,vlft:process
2026-09-12T13:51:58.000-04:00,T1,T_Machine_Static,job_id,15,id,192,vlft:process
2026-09-12T13:51:59.000-04:00,T1,T_Machine_Static,cycle_s,2.0,s,192,vlft:process
2026-09-12T13:51:59.000-04:00,T1,T_Machine_Static,busy,0,bool,192,vlft:process
2026-09-12T13:51:59.000-04:00,T1,T_Machine_Static,job_id,15,id,192,vlft:process
2026-09-12T13:52:00.000-04:00,T1,T_Machine_Static,cycle_s,2.0,s,192,vlft:process
2026-09-12T13:52:00.000-04:00,T1,T_Machine_Static,busy,1,bool,192,vlft:process
2026-09-12T13:52:00.000-04:00,T1,T_Machine_Static,job_id,16,id,192,vlft:process
2026-09-12T13:52:01.000-04:00,T1,T_Machine_Static,cycle_s,2.0,s,192,vlft:process
2026-09-12T13:52:01.000-04:00,T1,T_Machine_Static,busy,1,bool,192,vlft:process
2026-09-12T13:52:01.000-04:00,T1,T_Machine_Static,job_id,16,id,192,vlft:process
2026-09-12T13:52:02.000-04:00,T1,T_Machine_Static,cycle_s,2.0,s,192,vlft:process
2026-09-12T13:52:02.000-04:00,T1,T_Machine_Static,busy,0,bool,192,vlft:process
2026-09-12T13:52:02.000-04:00,T1,T_Machine_Static,job_id,16,id,192,vlft:process
2026-09-12T13:52:03.000-04:00,T1,T_Machine_Static,cycle_s,2.0,s,192,vlft:process
2026-09-12T13:52:03.000-04:00,T1,T_Machine_Static,busy,0,bool,192,vlft:process
2026-09-12T13:52:03.000-04:00,T1,T_Machine_Static,job_id,16,id,192,vlft:process
2026-09-12T13:52:04.000-04:00,T1,T_Machine_Static,cycle_s,2.0,s,192,vlft:process
2026-09-12T13:52:04.000-04:00,T1,T_Machine_Static,busy,0,bool,192,vlft:process
2026-09-12T13:52:04.000-04:00,T1,T_Machine_Static,job_id,16,id,192,vlft:process
2026-09-12T13:52:05.000-04:00,T1,T_Machine_Static,cycle_s,2.0,s,192,vlft:process
2026-09-12T13:52:05.000-04:00,T1,T_Machine_Static,busy,0,bool,192,vlft:process
2026-09-12T13:52:05.000-04:00,T1,T_Machine_Static,job_id,16,id,192,vlft:process
2026-09-12T13:52:06.000-04:00,T1,T_Machine_Static,cycle_s,2.0,s,192,vlft:process
2026-09-12T13:52:06.000-04:00,T1,T_Machine_Static,busy,0,bool,192,vlft:process
2026-09-12T13:52:06.000-04:00,T1,T_Machine_Static,job_id,16,id,192,vlft:process
2026-09-12T13:52:07.000-04:00,T1,T_Machine_Static,cycle_s,2.0,s,192,vlft:process
2026-09-12T13:52:07.000-04:00,T1,T_Machine_Static,busy,0,bool,192,vlft:process
2026-09-12T13:52:07.000-04:00,T1,T_Machine_Static,job_id,16,id,192,vlft:process
2026-09-12T13:52:08.000-04:00,T1,T_Machine_Static,cycle_s,2.0,s,192,vlft:process
2026-09-12T13:52:08.000-04:00,T1,T_Machine_Static,busy,1,bool,192,vlft:process
2026-09-12T13:52:08.000-04:00,T1,T_Machine_Static,job_id,17,id,192,vlft:process
2026-09-12T13:52:09.000-04:00,T1,T_Machine_Static,cycle_s,2.0,s,192,vlft:process
2026-09-12T13:52:09.000-04:00,T1,T_Machine_Static,busy,1,bool,192,vlft:process
2026-09-12T13:52:09.000-04:00,T1,T_Machine_Static,job_id,17,id,192,vlft:process
2026-09-12T13:52:10.000-04:00,T1,T_Machine_Static,cycle_s,2.0,s,192,vlft:process
2026-09-12T13:52:10.000-04:00,T1,T_Machine_Static,busy,0,bool,192,vlft:process
2026-09-12T13:52:10.000-04:00,T1,T_Machine_Static,job_id,17,id,192,vlft:process
2026-09-12T13:52:11.000-04:00,T1,T_Machine_Static,cycle_s,2.0,s,192,vlft:process
2026-09-12T13:52:11.000-04:00,T1,T_Machine_Static,busy,0,bool,192,vlft:process
2026-09-12T13:52:11.000-04:00,T1,T_Machine_Static,job_id,17,id,192,vlft:process
2026-09-12T13:52:12.000-04:00,T1,T_Machine_Static,cycle_s,2.0,s,192,vlft:process
2026-09-12T13:52:12.000-04:00,T1,T_Machine_Static,busy,0,bool,192,vlft:process
2026-09-12T13:52:12.000-04:00,T1,T_Machine_Static,job_id,17,id,192,vlft:process
2026-09-12T13:52:13.000-04:00,T1,T_Machine_Static,cycle_s,2.0,s,192,vlft:process
2026-09-12T13:52:13.000-04:00,T1,T_Machine_Static,busy,0,bool,192,vlft:process
2026-09-12T13:52:13.000-04:00,T1,T_Machine_Static,job_id,17,id,192,vlft:process
2026-09-12T13:52:14.000-04:00,T1,T_Machine_Static,cycle_s,2.0,s,192,vlft:process
2026-09-12T13:52:14.000-04:00,T1,T_Machine_Static,busy,0,bool,192,vlft:process
2026-09-12T13:52:14.000-04:00,T1,T_Machine_Static,job_id,17,id,192,vlft:process
2026-09-12T13:52:15.000-04:00,T1,T_Machine_Static,cycle_s,2.0,s,192,vlft:process
2026-09-12T13:52:15.000-04:00,T1,T_Machine_Static,busy,0,bool,192,vlft:process
2026-09-12T13:52:15.000-04:00,T1,T_Machine_Static,job_id,17,id,192,vlft:process
2026-09-12T13:52:16.000-04:00,T1,T_Machine_Static,cycle_s,2.0,s,192,vlft:process
2026-09-12T13:52:16.000-04:00,T1,T_Machine_Static,busy,1,bool,192,vlft:process
2026-09-12T13:52:16.000-04:00,T1,T_Machine_Static,job_id,18,id,192,vlft:process
2026-09-12T13:52:17.000-04:00,T1,T_Machine_Static,cycle_s,2.0,s,192,vlft:process
2026-09-12T13:52:17.000-04:00,T1,T_Machine_Static,busy,1,bool,192,vlft:process
2026-09-12T13:52:17.000-04:00,T1,T_Machine_Static,job_id,18,id,192,vlft:process
2026-09-12T13:52:18.000-04:00,T1,T_Machine_Static,cycle_s,2.0,s,192,vlft:process
2026-09-12T13:52:18.000-04:00,T1,T_Machine_Static,busy,0,bool,192,vlft:process
2026-09-12T13:52:18.000-04:00,T1,T_Machine_Static,job_id,18,id,192,vlft:process
2026-09-12T13:52:19.000-04:00,T1,T_Machine_Static,cycle_s,2.0,s,192,vlft:process
2026-09-12T13:52:19.000-04:00,T1,T_Machine_Static,busy,0,bool,192,vlft:process
2026-09-12T13:52:19.000-04:00,T1,T_Machine_Static,job_id,18,id,192,vlft:process
2026-09-12T13:52:20.000-04:00,T1,T_Machine_Static,cycle_s,2.0,s,192,vlft:process
2026-09-12T13:52:20.000-04:00,T1,T_Machine_Static,busy,0,bool,192,vlft:process
2026-09-12T13:52:20.000-04:00,T1,T_Machine_Static,job_id,18,id,192,vlft:process
2026-09-12T13:52:21.000-04:00,T1,T_Machine_Static,cycle_s,2.0,s,192,vlft:process
2026-09-12T13:52:21.000-04:00,T1,T_Machine_Static,busy,0,bool,192,vlft:process
2026-09-12T13:52:21.000-04:00,T1,T_Machine_Static,job_id,18,id,192,vlft:process
2026-09-12T13:52:22.000-04:00,T1,T_Machine_Static,cycle_s,2.0,s,192,vlft:process
2026-09-12T13:52:22.000-04:00,T1,T_Machine_Static,busy,0,bool,192,vlft:process
2026-09-12T13:52:22.000-04:00,T1,T_Machine_Static,job_id,18,id,192,vlft:process
2026-09-12T13:52:23.000-04:00,T1,T_Machine_Static,cycle_s,2.0,s,192,vlft:process
2026-09-12T13:52:23.000-04:00,T1,T_Machine_Static,busy,0,bool,192,vlft:process
2026-09-12T13:52:23.000-04:00,T1,T_Machine_Static,job_id,18,id,192,vlft:process
2026-09-12T13:52:24.000-04:00,T1,T_Machine_Static,cycle_s,2.0,s,192,vlft:process
2026-09-12T13:52:24.000-04:00,T1,T_Machine_Static,busy,1,bool,192,vlft:process
2026-09-12T13:52:24.000-04:00,T1,T_Machine_Static,job_id,19,id,192,vlft:process
2026-09-12T13:52:25.000-04:00,T1,T_Machine_Static,cycle_s,2.0,s,192,vlft:process
2026-09-12T13:52:25.000-04:00,T1,T_Machine_Static,busy,1,bool,192,vlft:process
2026-09-12T13:52:25.000-04:00,T1,T_Machine_Static,job_id,19,id,192,vlft:process
2026-09-12T13:52:26.000-04:00,T1,T_Machine_Static,cycle_s,2.0,s,192,vlft:process
2026-09-12T13:52:26.000-04:00,T1,T_Machine_Static,busy,0,bool,192,vlft:process
2026-09-12T13:52:26.000-04:00,T1,T_Machine_Static,job_id,19,id,192,vlft:process
2026-09-12T13:52:27.000-04:00,T1,T_Machine_Static,cycle_s,2.0,s,192,vlft:process
2026-09-12T13:52:27.000-04:00,T1,T_Machine_Static,busy,0,bool,192,vlft:process
2026-09-12T13:52:27.000-04:00,T1,T_Machine_Static,job_id,19,id,192,vlft:process
2026-09-12T13:52:28.000-04:00,T1,T_Machine_Static,cycle_s,2.0,s,192,vlft:process
2026-09-12T13:52:28.000-04:00,T1,T_Machine_Static,busy,0,bool,192,vlft:process
2026-09-12T13:52:28.000-04:00,T1,T_Machine_Static,job_id,19,id,192,vlft:process
2026-09-12T13:52:29.000-04:00,T1,T_Machine_Static,cycle_s,2.0,s,192,vlft:process
2026-09-12T13:52:29.000-04:00,T1,T_Machine_Static,busy,0,bool,192,vlft:process
2026-09-12T13:52:29.000-04:00,T1,T_Machine_Static,job_id,19,id,192,vlft:process
2026-09-12T13:52:30.000-04:00,T1,T_Machine_Static,cycle_s,2.0,s,192,vlft:process
2026-09-12T13:52:30.000-04:00,T1,T_Machine_Static,busy,0,bool,192,vlft:process
2026-09-12T13:52:30.000-04:00,T1,T_Machine_Static,job_id,19,id,192,vlft:process
2026-09-12T13:52:31.000-04:00,T1,T_Machine_Static,cycle_s,2.0,s,192,vlft:process
2026-09-12T13:52:31.000-04:00,T1,T_Machine_Static,busy,0,bool,192,vlft:process
2026-09-12T13:52:31.000-04:00,T1,T_Machine_Static,job_id,19,id,192,vlft:process
2026-09-12T13:52:32.000-04:00,T1,T_Machine_Static,cycle_s,2.0,s,192,vlft:process
2026-09-12T13:52:32.000-04:00,T1,T_Machine_Static,busy,1,bool,192,vlft:process
2026-09-12T13:52:32.000-04:00,T1,T_Machine_Static,job_id,20,id,192,vlft:process
2026-09-12T13:52:33.000-04:00,T1,T_Machine_Static,cycle_s,2.0,s,192,vlft:process
2026-09-12T13:52:33.000-04:00,T1,T_Machine_Static,busy,1,bool,192,vlft:process
2026-09-12T13:52:33.000-04:00,T1,T_Machine_Static,job_id,20,id,192,vlft:process
2026-09-12T13:52:34.000-04:00,T1,T_Machine_Static,cycle_s,2.0,s,192,vlft:process
2026-09-12T13:52:34.000-04:00,T1,T_Machine_Static,busy,0,bool,192,vlft:process
2026-09-12T13:52:34.000-04:00,T1,T_Machine_Static,job_id,20,id,192,vlft:process
2026-09-12T13:52:35.000-04:00,T1,T_Machine_Static,cycle_s,2.0,s,192,vlft:process
2026-09-12T13:52:35.000-04:00,T1,T_Machine_Static,busy,0,bool,192,vlft:process
2026-09-12T13:52:35.000-04:00,T1,T_Machine_Static,job_id,20,id,192,vlft:process
2026-09-12T13:52:36.000-04:00,T1,T_Machine_Static,cycle_s,2.0,s,192,vlft:process
2026-09-12T13:52:36.000-04:00,T1,T_Machine_Static,busy,0,bool,192,vlft:process
2026-09-12T13:52:36.000-04:00,T1,T_Machine_Static,job_id,20,id,192,vlft:process
2026-09-12T13:52:37.000-04:00,T1,T_Machine_Static,cycle_s,2.0,s,192,vlft:process
2026-09-12T13:52:37.000-04:00,T1,T_Machine_Static,busy,0,bool,192,vlft:process
2026-09-12T13:52:37.000-04:00,T1,T_Machine_Static,job_id,20,id,192,vlft:process
2026-09-12T13:52:38.000-04:00,T1,T_Machine_Static,cycle_s,2.0,s,192,vlft:process
2026-09-12T13:52:38.000-04:00,T1,T_Machine_Static,busy,0,bool,192,vlft:process
2026-09-12T13:52:38.000-04:00,T1,T_Machine_Static,job_id,20,id,192,vlft:process
2026-09-12T13:52:39.000-04:00,T1,T_Machine_Static,cycle_s,2.0,s,192,vlft:process
2026-09-12T13:52:39.000-04:00,T1,T_Machine_Static,busy,0,bool,192,vlft:process
2026-09-12T13:52:39.000-04:00,T1,T_Machine_Static,job_id,20,id,192,vlft:process
2026-09-12T13:52:40.000-04:00,T1,T_Machine_Static,cycle_s,2.0,s,192,vlft:process
2026-09-12T13:52:40.000-04:00,T1,T_Machine_Static,busy,1,bool,192,vlft:process
2026-09-12T13:52:40.000-04:00,T1,T_Machine_Static,job_id,21,id,192,vlft:process
2026-09-12T13:52:41.000-04:00,T1,T_Machine_Static,cycle_s,2.0,s,192,vlft:process
2026-09-12T13:52:41.000-04:00,T1,T_Machine_Static,busy,1,bool,192,vlft:process
2026-09-12T13:52:41.000-04:00,T1,T_Machine_Static,job_id,21,id,192,vlft:process
2026-09-12T13:52:42.000-04:00,T1,T_Machine_Static,cycle_s,2.0,s,192,vlft:process
2026-09-12T13:52:42.000-04:00,T1,T_Machine_Static,busy,0,bool,192,vlft:process
2026-09-12T13:52:42.000-04:00,T1,T_Machine_Static,job_id,21,id,192,vlft:process
2026-09-12T13:52:43.000-04:00,T1,T_Machine_Static,cycle_s,2.0,s,192,vlft:process
2026-09-12T13:52:43.000-04:00,T1,T_Machine_Static,busy,0,bool,192,vlft:process
2026-09-12T13:52:43.000-04:00,T1,T_Machine_Static,job_id,21,id,192,vlft:process
2026-09-12T13:52:44.000-04:00,T1,T_Machine_Static,cycle_s,2.0,s,192,vlft:process
2026-09-12T13:52:44.000-04:00,T1,T_Machine_Static,busy,0,bool,192,vlft:process
2026-09-12T13:52:44.000-04:00,T1,T_Machine_Static,job_id,21,id,192,vlft:process
2026-09-12T13:52:45.000-04:00,T1,T_Machine_Static,cycle_s,2.0,s,192,vlft:process
2026-09-12T13:52:45.000-04:00,T1,T_Machine_Static,busy,0,bool,192,vlft:process
2026-09-12T13:52:45.000-04:00,T1,T_Machine_Static,job_id,21,id,192,vlft:process
2026-09-12T13:52:46.000-04:00,T1,T_Machine_Static,cycle_s,2.0,s,192,vlft:process
2026-09-12T13:52:46.000-04:00,T1,T_Machine_Static,busy,0,bool,192,vlft:process
2026-09-12T13:52:46.000-04:00,T1,T_Machine_Static,job_id,21,id,192,vlft:process
2026-09-12T13:52:47.000-04:00,T1,T_Machine_Static,cycle_s,2.0,s,192,vlft:process
2026-09-12T13:52:47.000-04:00,T1,T_Machine_Static,busy,0,bool,192,vlft:process
2026-09-12T13:52:47.000-04:00,T1,T_Machine_Static,job_id,21,id,192,vlft:process
2026-09-12T13:52:48.000-04:00,T1,T_Machine_Static,cycle_s,2.0,s,192,vlft:process
2026-09-12T13:52:48.000-04:00,T1,T_Machine_Static,busy,1,bool,192,vlft:process
2026-09-12T13:52:48.000-04:00,T1,T_Machine_Static,job_id,22,id,192,vlft:process
2026-09-12T13:52:49.000-04:00,T1,T_Machine_Static,cycle_s,2.0,s,192,vlft:process
2026-09-12T13:52:49.000-04:00,T1,T_Machine_Static,busy,1,bool,192,vlft:process
2026-09-12T13:52:49.000-04:00,T1,T_Machine_Static,job_id,22,id,192,vlft:process
2026-09-12T13:52:50.000-04:00,T1,T_Machine_Static,cycle_s,2.0,s,192,vlft:process
2026-09-12T13:52:50.000-04:00,T1,T_Machine_Static,busy,0,bool,192,vlft:process
2026-09-12T13:52:50.000-04:00,T1,T_Machine_Static,job_id,22,id,192,vlft:process
2026-09-12T13:52:51.000-04:00,T1,T_Machine_Static,cycle_s,2.0,s,192,vlft:process
2026-09-12T13:52:51.000-04:00,T1,T_Machine_Static,busy,0,bool,192,vlft:process
2026-09-12T13:52:51.000-04:00,T1,T_Machine_Static,job_id,22,id,192,vlft:process
2026-09-12T13:52:52.000-04:00,T1,T_Machine_Static,cycle_s,2.0,s,192,vlft:process
2026-09-12T13:52:52.000-04:00,T1,T_Machine_Static,busy,0,bool,192,vlft:process
2026-09-12T13:52:52.000-04:00,T1,T_Machine_Static,job_id,22,id,192,vlft:process
2026-09-12T13:52:53.000-04:00,T1,T_Machine_Static,cycle_s,2.0,s,192,vlft:process
2026-09-12T13:52:53.000-04:00,T1,T_Machine_Static,busy,0,bool,192,vlft:process
2026-09-12T13:52:53.000-04:00,T1,T_Machine_Static,job_id,22,id,192,vlft:process
2026-09-12T13:52:54.000-04:00,T1,T_Machine_Static,cycle_s,2.0,s,192,vlft:process
2026-09-12T13:52:54.000-04:00,T1,T_Machine_Static,busy,0,bool,192,vlft:process
2026-09-12T13:52:54.000-04:00,T1,T_Machine_Static,job_id,22,id,192,vlft:process
2026-09-12T13:52:55.000-04:00,T1,T_Machine_Static,cycle_s,2.0,s,192,vlft:process
2026-09-12T13:52:55.000-04:00,T1,T_Machine_Static,busy,0,bool,192,vlft:process
2026-09-12T13:52:55.000-04:00,T1,T_Machine_Static,job_id,22,id,192,vlft:process
2026-09-12T13:52:56.000-04:00,T1,T_Machine_Static,cycle_s,2.0,s,192,vlft:process
2026-09-12T13:52:56.000-04:00,T1,T_Machine_Static,busy,1,bool,192,vlft:process
2026-09-12T13:52:56.000-04:00,T1,T_Machine_Static,job_id,23,id,192,vlft:process
2026-09-12T13:52:57.000-04:00,T1,T_Machine_Static,cycle_s,2.0,s,192,vlft:process
2026-09-12T13:52:57.000-04:00,T1,T_Machine_Static,busy,1,bool,192,vlft:process
2026-09-12T13:52:57.000-04:00,T1,T_Machine_Static,job_id,23,id,192,vlft:process
2026-09-12T13:52:58.000-04:00,T1,T_Machine_Static,cycle_s,2.0,s,192,vlft:process
2026-09-12T13:52:58.000-04:00,T1,T_Machine_Static,busy,0,bool,192,vlft:process
2026-09-12T13:52:58.000-04:00,T1,T_Machine_Static,job_id,23,id,192,vlft:process
2026-09-12T13:52:59.000-04:00,T1,T_Machine_Static,cycle_s,2.0,s,192,vlft:process
2026-09-12T13:52:59.000-04:00,T1,T_Machine_Static,busy,0,bool,192,vlft:process
2026-09-12T13:52:59.000-04:00,T1,T_Machine_Static,job_id,23,id,192,vlft:process
2026-09-12T13:53:00.000-04:00,T1,T_Machine_Static,cycle_s,2.0,s,192,vlft:process
2026-09-12T13:53:00.000-04:00,T1,T_Machine_Static,busy,0,bool,192,vlft:process
2026-09-12T13:53:00.000-04:00,T1,T_Machine_Static,job_id,23,id,192,vlft:process
2026-09-12T13:53:01.000-04:00,T1,T_Machine_Static,cycle_s,2.0,s,192,vlft:process
2026-09-12T13:53:01.000-04:00,T1,T_Machine_Static,busy,0,bool,192,vlft:process
2026-09-12T13:53:01.000-04:00,T1,T_Machine_Static,job_id,23,id,192,vlft:process
2026-09-12T13:53:02.000-04:00,T1,T_Machine_Static,cycle_s,2.0,s,192,vlft:process
2026-09-12T13:53:02.000-04:00,T1,T_Machine_Static,busy,0,bool,192,vlft:process
2026-09-12T13:53:02.000-04:00,T1,T_Machine_Static,job_id,23,id,192,vlft:process
2026-09-12T13:53:03.000-04:00,T1,T_Machine_Static,cycle_s,2.0,s,192,vlft:process
2026-09-12T13:53:03.000-04:00,T1,T_Machine_Static,busy,0,bool,192,vlft:process
2026-09-12T13:53:03.000-04:00,T1,T_Machine_Static,job_id,23,id,192,vlft:process
2026-09-12T13:53:04.000-04:00,T1,T_Machine_Static,cycle_s,2.0,s,192,vlft:process
2026-09-12T13:53:04.000-04:00,T1,T_Machine_Static,busy,1,bool,192,vlft:process
2026-09-12T13:53:04.000-04:00,T1,T_Machine_Static,job_id,24,id,192,vlft:process
2026-09-12T13:53:05.000-04:00,T1,T_Machine_Static,cycle_s,2.0,s,192,vlft:process
2026-09-12T13:53:05.000-04:00,T1,T_Machine_Static,busy,1,bool,192,vlft:process
2026-09-12T13:53:05.000-04:00,T1,T_Machine_Static,job_id,24,id,192,vlft:process
2026-09-12T13:53:06.000-04:00,T1,T_Machine_Static,cycle_s,2.0,s,192,vlft:process
2026-09-12T13:53:06.000-04:00,T1,T_Machine_Static,busy,0,bool,192,vlft:process
2026-09-12T13:53:06.000-04:00,T1,T_Machine_Static,job_id,24,id,192,vlft:process
2026-09-12T13:53:07.000-04:00,T1,T_Machine_Static,cycle_s,2.0,s,192,vlft:process
2026-09-12T13:53:07.000-04:00,T1,T_Machine_Static,busy,0,bool,192,vlft:process
2026-09-12T13:53:07.000-04:00,T1,T_Machine_Static,job_id,24,id,192,vlft:process
2026-09-12T13:53:08.000-04:00,T1,T_Machine_Static,cycle_s,2.0,s,192,vlft:process
2026-09-12T13:53:08.000-04:00,T1,T_Machine_Static,busy,0,bool,192,vlft:process
2026-09-12T13:53:08.000-04:00,T1,T_Machine_Static,job_id,24,id,192,vlft:process
2026-09-12T13:53:09.000-04:00,T1,T_Machine_Static,cycle_s,2.0,s,192,vlft:process
2026-09-12T13:53:09.000-04:00,T1,T_Machine_Static,busy,0,bool,192,vlft:process
2026-09-12T13:53:09.000-04:00,T1,T_Machine_Static,job_id,24,id,192,vlft:process
2026-09-12T13:53:10.000-04:00,T1,T_Machine_Static,cycle_s,2.0,s,192,vlft:process
2026-09-12T13:53:10.000-04:00,T1,T_Machine_Static,busy,0,bool,192,vlft:process
2026-09-12T13:53:10.000-04:00,T1,T_Machine_Static,job_id,24,id,192,vlft:process
2026-09-12T13:53:11.000-04:00,T1,T_Machine_Static,cycle_s,2.0,s,192,vlft:process
2026-09-12T13:53:11.000-04:00,T1,T_Machine_Static,busy,0,bool,192,vlft:process
2026-09-12T13:53:11.000-04:00,T1,T_Machine_Static,job_id,24,id,192,vlft:process
2026-09-12T13:53:12.000-04:00,T1,T_Machine_Static,cycle_s,2.0,s,192,vlft:process
2026-09-12T13:53:12.000-04:00,T1,T_Machine_Static,busy,1,bool,192,vlft:process
2026-09-12T13:53:12.000-04:00,T1,T_Machine_Static,job_id,25,id,192,vlft:process
2026-09-12T13:53:13.000-04:00,T1,T_Machine_Static,cycle_s,2.0,s,192,vlft:process
2026-09-12T13:53:13.000-04:00,T1,T_Machine_Static,busy,1,bool,192,vlft:process
2026-09-12T13:53:13.000-04:00,T1,T_Machine_Static,job_id,25,id,192,vlft:process
2026-09-12T13:53:14.000-04:00,T1,T_Machine_Static,cycle_s,2.0,s,192,vlft:process
2026-09-12T13:53:14.000-04:00,T1,T_Machine_Static,busy,0,bool,192,vlft:process
2026-09-12T13:53:14.000-04:00,T1,T_Machine_Static,job_id,25,id,192,vlft:process
2026-09-12T13:53:15.000-04:00,T1,T_Machine_Static,cycle_s,2.0,s,192,vlft:process
2026-09-12T13:53:15.000-04:00,T1,T_Machine_Static,busy,0,bool,192,vlft:process
2026-09-12T13:53:15.000-04:00,T1,T_Machine_Static,job_id,25,id,192,vlft:process
2026-09-12T13:53:16.000-04:00,T1,T_Machine_Static,cycle_s,2.0,s,192,vlft:process
2026-09-12T13:53:16.000-04:00,T1,T_Machine_Static,busy,0,bool,192,vlft:process
2026-09-12T13:53:16.000-04:00,T1,T_Machine_Static,job_id,25,id,192,vlft:process
2026-09-12T13:53:17.000-04:00,T1,T_Machine_Static,cycle_s,2.0,s,192,vlft:process
2026-09-12T13:53:17.000-04:00,T1,T_Machine_Static,busy,0,bool,192,vlft:process
2026-09-12T13:53:17.000-04:00,T1,T_Machine_Static,job_id,25,id,192,vlft:process
2026-09-12T13:53:18.000-04:00,T1,T_Machine_Static,cycle_s,2.0,s,192,vlft:process
2026-09-12T13:53:18.000-04:00,T1,T_Machine_Static,busy,0,bool,192,vlft:process
2026-09-12T13:53:18.000-04:00,T1,T_Machine_Static,job_id,25,id,192,vlft:process
2026-09-12T13:53:19.000-04:00,T1,T_Machine_Static,cycle_s,2.0,s,192,vlft:process
2026-09-12T13:53:19.000-04:00,T1,T_Machine_Static,busy,0,bool,192,vlft:process
2026-09-12T13:53:19.000-04:00,T1,T_Machine_Static,job_id,25,id,192,vlft:process
2026-09-12T13:53:20.000-04:00,T1,T_Machine_Static,cycle_s,2.0,s,192,vlft:process
2026-09-12T13:53:20.000-04:00,T1,T_Machine_Static,busy,1,bool,192,vlft:process
2026-09-12T13:53:20.000-04:00,T1,T_Machine_Static,job_id,26,id,192,vlft:process
2026-09-12T13:53:21.000-04:00,T1,T_Machine_Static,cycle_s,2.0,s,192,vlft:process
2026-09-12T13:53:21.000-04:00,T1,T_Machine_Static,busy,1,bool,192,vlft:process
2026-09-12T13:53:21.000-04:00,T1,T_Machine_Static,job_id,26,id,192,vlft:process
2026-09-12T13:53:22.000-04:00,T1,T_Machine_Static,cycle_s,2.0,s,192,vlft:process
2026-09-12T13:53:22.000-04:00,T1,T_Machine_Static,busy,0,bool,192,vlft:process
2026-09-12T13:53:22.000-04:00,T1,T_Machine_Static,job_id,26,id,192,vlft:process
2026-09-12T13:53:23.000-04:00,T1,T_Machine_Static,cycle_s,2.0,s,192,vlft:process
2026-09-12T13:53:23.000-04:00,T1,T_Machine_Static,busy,0,bool,192,vlft:process
2026-09-12T13:53:23.000-04:00,T1,T_Machine_Static,job_id,26,id,192,vlft:process
2026-09-12T13:53:24.000-04:00,T1,T_Machine_Static,cycle_s,2.0,s,192,vlft:process
2026-09-12T13:53:24.000-04:00,T1,T_Machine_Static,busy,0,bool,192,vlft:process
2026-09-12T13:53:24.000-04:00,T1,T_Machine_Static,job_id,26,id,192,vlft:process
2026-09-12T13:53:25.000-04:00,T1,T_Machine_Static,cycle_s,2.0,s,192,vlft:process
2026-09-12T13:53:25.000-04:00,T1,T_Machine_Static,busy,0,bool,192,vlft:process
2026-09-12T13:53:25.000-04:00,T1,T_Machine_Static,job_id,26,id,192,vlft:process
2026-09-12T13:53:26.000-04:00,T1,T_Machine_Static,cycle_s,2.0,s,192,vlft:process
2026-09-12T13:53:26.000-04:00,T1,T_Machine_Static,busy,0,bool,192,vlft:process
2026-09-12T13:53:26.000-04:00,T1,T_Machine_Static,job_id,26,id,192,vlft:process
2026-09-12T13:53:27.000-04:00,T1,T_Machine_Static,cycle_s,2.0,s,192,vlft:process
2026-09-12T13:53:27.000-04:00,T1,T_Machine_Static,busy,0,bool,192,vlft:process
2026-09-12T13:53:27.000-04:00,T1,T_Machine_Static,job_id,26,id,192,vlft:process
2026-09-12T13:53:28.000-04:00,T1,T_Machine_Static,cycle_s,2.0,s,192,vlft:process
2026-09-12T13:53:28.000-04:00,T1,T_Machine_Static,busy,1,bool,192,vlft:process
2026-09-12T13:53:28.000-04:00,T1,T_Machine_Static,job_id,27,id,192,vlft:process
2026-09-12T13:53:29.000-04:00,T1,T_Machine_Static,cycle_s,2.0,s,192,vlft:process
2026-09-12T13:53:29.000-04:00,T1,T_Machine_Static,busy,1,bool,192,vlft:process
2026-09-12T13:53:29.000-04:00,T1,T_Machine_Static,job_id,27,id,192,vlft:process
2026-09-12T13:53:30.000-04:00,T1,T_Machine_Static,cycle_s,2.0,s,192,vlft:process
2026-09-12T13:53:30.000-04:00,T1,T_Machine_Static,busy,0,bool,192,vlft:process
2026-09-12T13:53:30.000-04:00,T1,T_Machine_Static,job_id,27,id,192,vlft:process
2026-09-12T13:53:31.000-04:00,T1,T_Machine_Static,cycle_s,2.0,s,192,vlft:process
2026-09-12T13:53:31.000-04:00,T1,T_Machine_Static,busy,0,bool,192,vlft:process
2026-09-12T13:53:31.000-04:00,T1,T_Machine_Static,job_id,27,id,192,vlft:process
2026-09-12T13:53:32.000-04:00,T1,T_Machine_Static,cycle_s,2.0,s,192,vlft:process
2026-09-12T13:53:32.000-04:00,T1,T_Machine_Static,busy,0,bool,192,vlft:process
2026-09-12T13:53:32.000-04:00,T1,T_Machine_Static,job_id,27,id,192,vlft:process
2026-09-12T13:53:33.000-04:00,T1,T_Machine_Static,cycle_s,2.0,s,192,vlft:process
2026-09-12T13:53:33.000-04:00,T1,T_Machine_Static,busy,0,bool,192,vlft:process
2026-09-12T13:53:33.000-04:00,T1,T_Machine_Static,job_id,27,id,192,vlft:process
2026-09-12T13:53:34.000-04:00,T1,T_Machine_Static,cycle_s,2.0,s,192,vlft:process
2026-09-12T13:53:34.000-04:00,T1,T_Machine_Static,busy,0,bool,192,vlft:process
2026-09-12T13:53:34.000-04:00,T1,T_Machine_Static,job_id,27,id,192,vlft:process
2026-09-12T13:53:35.000-04:00,T1,T_Machine_Static,cycle_s,2.0,s,192,vlft:process
2026-09-12T13:53:35.000-04:00,T1,T_Machine_Static,busy,0,bool,192,vlft:process
2026-09-12T13:53:35.000-04:00,T1,T_Machine_Static,job_id,27,id,192,vlft:process
2026-09-12T13:53:36.000-04:00,T1,T_Machine_Static,cycle_s,2.0,s,192,vlft:process
2026-09-12T13:53:36.000-04:00,T1,T_Machine_Static,busy,1,bool,192,vlft:process
2026-09-12T13:53:36.000-04:00,T1,T_Machine_Static,job_id,28,id,192,vlft:process
2026-09-12T13:53:37.000-04:00,T1,T_Machine_Static,cycle_s,2.0,s,192,vlft:process
2026-09-12T13:53:37.000-04:00,T1,T_Machine_Static,busy,1,bool,192,vlft:process
2026-09-12T13:53:37.000-04:00,T1,T_Machine_Static,job_id,28,id,192,vlft:process
2026-09-12T13:53:38.000-04:00,T1,T_Machine_Static,cycle_s,2.0,s,192,vlft:process
2026-09-12T13:53:38.000-04:00,T1,T_Machine_Static,busy,0,bool,192,vlft:process
2026-09-12T13:53:38.000-04:00,T1,T_Machine_Static,job_id,28,id,192,vlft:process
2026-09-12T13:53:39.000-04:00,T1,T_Machine_Static,cycle_s,2.0,s,192,vlft:process
2026-09-12T13:53:39.000-04:00,T1,T_Machine_Static,busy,0,bool,192,vlft:process
2026-09-12T13:53:39.000-04:00,T1,T_Machine_Static,job_id,28,id,192,vlft:process
2026-09-12T13:53:40.000-04:00,T1,T_Machine_Static,cycle_s,2.0,s,192,vlft:process
2026-09-12T13:53:40.000-04:00,T1,T_Machine_Static,busy,0,bool,192,vlft:process
2026-09-12T13:53:40.000-04:00,T1,T_Machine_Static,job_id,28,id,192,vlft:process
2026-09-12T13:53:41.000-04:00,T1,T_Machine_Static,cycle_s,2.0,s,192,vlft:process
2026-09-12T13:53:41.000-04:00,T1,T_Machine_Static,busy,0,bool,192,vlft:process
2026-09-12T13:53:41.000-04:00,T1,T_Machine_Static,job_id,28,id,192,vlft:process
2026-09-12T13:53:42.000-04:00,T1,T_Machine_Static,cycle_s,2.0,s,192,vlft:process
2026-09-12T13:53:42.000-04:00,T1,T_Machine_Static,busy,0,bool,192,vlft:process
2026-09-12T13:53:42.000-04:00,T1,T_Machine_Static,job_id,28,id,192,vlft:process
2026-09-12T13:53:43.000-04:00,T1,T_Machine_Static,cycle_s,2.0,s,192,vlft:process
2026-09-12T13:53:43.000-04:00,T1,T_Machine_Static,busy,0,bool,192,vlft:process
2026-09-12T13:53:43.000-04:00,T1,T_Machine_Static,job_id,28,id,192,vlft:process
2026-09-12T13:53:44.000-04:00,T1,T_Machine_Static,cycle_s,2.0,s,192,vlft:process
2026-09-12T13:53:44.000-04:00,T1,T_Machine_Static,busy,1,bool,192,vlft:process
2026-09-12T13:53:44.000-04:00,T1,T_Machine_Static,job_id,29,id,192,vlft:process
2026-09-12T13:53:45.000-04:00,T1,T_Machine_Static,cycle_s,2.0,s,192,vlft:process
2026-09-12T13:53:45.000-04:00,T1,T_Machine_Static,busy,1,bool,192,vlft:process
2026-09-12T13:53:45.000-04:00,T1,T_Machine_Static,job_id,29,id,192,vlft:process
2026-09-12T13:53:46.000-04:00,T1,T_Machine_Static,cycle_s,2.0,s,192,vlft:process
2026-09-12T13:53:46.000-04:00,T1,T_Machine_Static,busy,0,bool,192,vlft:process
2026-09-12T13:53:46.000-04:00,T1,T_Machine_Static,job_id,29,id,192,vlft:process
2026-09-12T13:53:47.000-04:00,T1,T_Machine_Static,cycle_s,2.0,s,192,vlft:process
2026-09-12T13:53:47.000-04:00,T1,T_Machine_Static,busy,0,bool,192,vlft:process
2026-09-12T13:53:47.000-04:00,T1,T_Machine_Static,job_id,29,id,192,vlft:process
2026-09-12T13:53:48.000-04:00,T1,T_Machine_Static,cycle_s,2.0,s,192,vlft:process
2026-09-12T13:53:48.000-04:00,T1,T_Machine_Static,busy,0,bool,192,vlft:process
2026-09-12T13:53:48.000-04:00,T1,T_Machine_Static,job_id,29,id,192,vlft:process
2026-09-12T13:53:49.000-04:00,T1,T_Machine_Static,cycle_s,2.0,s,192,vlft:process
2026-09-12T13:53:49.000-04:00,T1,T_Machine_Static,busy,0,bool,192,vlft:process
2026-09-12T13:53:49.000-04:00,T1,T_Machine_Static,job_id,29,id,192,vlft:process
2026-09-12T13:53:50.000-04:00,T1,T_Machine_Static,cycle_s,2.0,s,192,vlft:process
2026-09-12T13:53:50.000-04:00,T1,T_Machine_Static,busy,0,bool,192,vlft:process
2026-09-12T13:53:50.000-04:00,T1,T_Machine_Static,job_id,29,id,192,vlft:process
2026-09-12T13:53:51.000-04:00,T1,T_Machine_Static,cycle_s,2.0,s,192,vlft:process
2026-09-12T13:53:51.000-04:00,T1,T_Machine_Static,busy,0,bool,192,vlft:process
2026-09-12T13:53:51.000-04:00,T1,T_Machine_Static,job_id,29,id,192,vlft:process
2026-09-12T13:53:52.000-04:00,T1,T_Machine_Static,cycle_s,2.0,s,192,vlft:process
2026-09-12T13:53:52.000-04:00,T1,T_Machine_Static,busy,1,bool,192,vlft:process
2026-09-12T13:53:52.000-04:00,T1,T_Machine_Static,job_id,30,id,192,vlft:process
2026-09-12T13:53:53.000-04:00,T1,T_Machine_Static,cycle_s,2.0,s,192,vlft:process
2026-09-12T13:53:53.000-04:00,T1,T_Machine_Static,busy,1,bool,192,vlft:process
2026-09-12T13:53:53.000-04:00,T1,T_Machine_Static,job_id,30,id,192,vlft:process
2026-09-12T13:53:54.000-04:00,T1,T_Machine_Static,cycle_s,2.0,s,192,vlft:process
2026-09-12T13:53:54.000-04:00,T1,T_Machine_Static,busy,0,bool,192,vlft:process
2026-09-12T13:53:54.000-04:00,T1,T_Machine_Static,job_id,30,id,192,vlft:process
2026-09-12T13:53:55.000-04:00,T1,T_Machine_Static,cycle_s,2.0,s,192,vlft:process
2026-09-12T13:53:55.000-04:00,T1,T_Machine_Static,busy,0,bool,192,vlft:process
2026-09-12T13:53:55.000-04:00,T1,T_Machine_Static,job_id,30,id,192,vlft:process
2026-09-12T13:53:56.000-04:00,T1,T_Machine_Static,cycle_s,2.0,s,192,vlft:process
2026-09-12T13:53:56.000-04:00,T1,T_Machine_Static,busy,0,bool,192,vlft:process
2026-09-12T13:53:56.000-04:00,T1,T_Machine_Static,job_id,30,id,192,vlft:process
2026-09-12T13:53:57.000-04:00,T1,T_Machine_Static,cycle_s,2.0,s,192,vlft:process
2026-09-12T13:53:57.000-04:00,T1,T_Machine_Static,busy,0,bool,192,vlft:process
2026-09-12T13:53:57.000-04:00,T1,T_Machine_Static,job_id,30,id,192,vlft:process
2026-09-12T13:53:58.000-04:00,T1,T_Machine_Static,cycle_s,2.0,s,192,vlft:process
2026-09-12T13:53:58.000-04:00,T1,T_Machine_Static,busy,0,bool,192,vlft:process
2026-09-12T13:53:58.000-04:00,T1,T_Machine_Static,job_id,30,id,192,vlft:process
2026-09-12T13:53:59.000-04:00,T1,T_Machine_Static,cycle_s,2.0,s,192,vlft:process
2026-09-12T13:53:59.000-04:00,T1,T_Machine_Static,busy,0,bool,192,vlft:process
2026-09-12T13:53:59.000-04:00,T1,T_Machine_Static,job_id,30,id,192,vlft:process
2026-09-12T13:54:00.000-04:00,T1,T_Machine_Static,cycle_s,2.0,s,192,vlft:process
2026-09-12T13:54:00.000-04:00,T1,T_Machine_Static,busy,1,bool,192,vlft:process
2026-09-12T13:54:00.000-04:00,T1,T_Machine_Static,job_id,31,id,192,vlft:process
2026-09-12T13:54:01.000-04:00,T1,T_Machine_Static,cycle_s,2.0,s,192,vlft:process
2026-09-12T13:54:01.000-04:00,T1,T_Machine_Static,busy,1,bool,192,vlft:process
2026-09-12T13:54:01.000-04:00,T1,T_Machine_Static,job_id,31,id,192,vlft:process
2026-09-12T13:54:02.000-04:00,T1,T_Machine_Static,cycle_s,2.0,s,192,vlft:process
2026-09-12T13:54:02.000-04:00,T1,T_Machine_Static,busy,0,bool,192,vlft:process
2026-09-12T13:54:02.000-04:00,T1,T_Machine_Static,job_id,31,id,192,vlft:process
2026-09-12T13:54:03.000-04:00,T1,T_Machine_Static,cycle_s,2.0,s,192,vlft:process
2026-09-12T13:54:03.000-04:00,T1,T_Machine_Static,busy,0,bool,192,vlft:process
2026-09-12T13:54:03.000-04:00,T1,T_Machine_Static,job_id,31,id,192,vlft:process
2026-09-12T13:54:04.000-04:00,T1,T_Machine_Static,cycle_s,2.0,s,192,vlft:process
2026-09-12T13:54:04.000-04:00,T1,T_Machine_Static,busy,0,bool,192,vlft:process
2026-09-12T13:54:04.000-04:00,T1,T_Machine_Static,job_id,31,id,192,vlft:process
2026-09-12T13:54:05.000-04:00,T1,T_Machine_Static,cycle_s,2.0,s,192,vlft:process
2026-09-12T13:54:05.000-04:00,T1,T_Machine_Static,busy,0,bool,192,vlft:process
2026-09-12T13:54:05.000-04:00,T1,T_Machine_Static,job_id,31,id,192,vlft:process
2026-09-12T13:54:06.000-04:00,T1,T_Machine_Static,cycle_s,2.0,s,192,vlft:process
2026-09-12T13:54:06.000-04:00,T1,T_Machine_Static,busy,0,bool,192,vlft:process
2026-09-12T13:54:06.000-04:00,T1,T_Machine_Static,job_id,31,id,192,vlft:process
2026-09-12T13:54:07.000-04:00,T1,T_Machine_Static,cycle_s,2.0,s,192,vlft:process
2026-09-12T13:54:07.000-04:00,T1,T_Machine_Static,busy,0,bool,192,vlft:process
2026-09-12T13:54:07.000-04:00,T1,T_Machine_Static,job_id,31,id,192,vlft:process
2026-09-12T13:54:08.000-04:00,T1,T_Machine_Static,cycle_s,2.0,s,192,vlft:process
2026-09-12T13:54:08.000-04:00,T1,T_Machine_Static,busy,1,bool,192,vlft:process
2026-09-12T13:54:08.000-04:00,T1,T_Machine_Static,job_id,32,id,192,vlft:process
2026-09-12T13:54:09.000-04:00,T1,T_Machine_Static,cycle_s,2.0,s,192,vlft:process
2026-09-12T13:54:09.000-04:00,T1,T_Machine_Static,busy,1,bool,192,vlft:process
2026-09-12T13:54:09.000-04:00,T1,T_Machine_Static,job_id,32,id,192,vlft:process
2026-09-12T13:54:10.000-04:00,T1,T_Machine_Static,cycle_s,2.0,s,192,vlft:process
2026-09-12T13:54:10.000-04:00,T1,T_Machine_Static,busy,0,bool,192,vlft:process
2026-09-12T13:54:10.000-04:00,T1,T_Machine_Static,job_id,32,id,192,vlft:process
2026-09-12T13:54:11.000-04:00,T1,T_Machine_Static,cycle_s,2.0,s,192,vlft:process
2026-09-12T13:54:11.000-04:00,T1,T_Machine_Static,busy,0,bool,192,vlft:process
2026-09-12T13:54:11.000-04:00,T1,T_Machine_Static,job_id,32,id,192,vlft:process
2026-09-12T13:54:12.000-04:00,T1,T_Machine_Static,cycle_s,2.0,s,192,vlft:process
2026-09-12T13:54:12.000-04:00,T1,T_Machine_Static,busy,0,bool,192,vlft:process
2026-09-12T13:54:12.000-04:00,T1,T_Machine_Static,job_id,32,id,192,vlft:process
2026-09-12T13:54:13.000-04:00,T1,T_Machine_Static,cycle_s,2.0,s,192,vlft:process
2026-09-12T13:54:13.000-04:00,T1,T_Machine_Static,busy,0,bool,192,vlft:process
2026-09-12T13:54:13.000-04:00,T1,T_Machine_Static,job_id,32,id,192,vlft:process
2026-09-12T13:54:14.000-04:00,T1,T_Machine_Static,cycle_s,2.0,s,192,vlft:process
2026-09-12T13:54:14.000-04:00,T1,T_Machine_Static,busy,0,bool,192,vlft:process
2026-09-12T13:54:14.000-04:00,T1,T_Machine_Static,job_id,32,id,192,vlft:process
2026-09-12T13:54:15.000-04:00,T1,T_Machine_Static,cycle_s,2.0,s,192,vlft:process
2026-09-12T13:54:15.000-04:00,T1,T_Machine_Static,busy,0,bool,192,vlft:process
2026-09-12T13:54:15.000-04:00,T1,T_Machine_Static,job_id,32,id,192,vlft:process
2026-09-12T13:54:16.000-04:00,T1,T_Machine_Static,cycle_s,2.0,s,192,vlft:process
2026-09-12T13:54:16.000-04:00,T1,T_Machine_Static,busy,1,bool,192,vlft:process
2026-09-12T13:54:16.000-04:00,T1,T_Machine_Static,job_id,33,id,192,vlft:process
2026-09-12T13:54:17.000-04:00,T1,T_Machine_Static,cycle_s,2.0,s,192,vlft:process
2026-09-12T13:54:17.000-04:00,T1,T_Machine_Static,busy,1,bool,192,vlft:process
2026-09-12T13:54:17.000-04:00,T1,T_Machine_Static,job_id,33,id,192,vlft:process
2026-09-12T13:54:18.000-04:00,T1,T_Machine_Static,cycle_s,2.0,s,192,vlft:process
2026-09-12T13:54:18.000-04:00,T1,T_Machine_Static,busy,0,bool,192,vlft:process
2026-09-12T13:54:18.000-04:00,T1,T_Machine_Static,job_id,33,id,192,vlft:process
2026-09-12T13:54:19.000-04:00,T1,T_Machine_Static,cycle_s,2.0,s,192,vlft:process
2026-09-12T13:54:19.000-04:00,T1,T_Machine_Static,busy,0,bool,192,vlft:process
2026-09-12T13:54:19.000-04:00,T1,T_Machine_Static,job_id,33,id,192,vlft:process
2026-09-12T13:54:20.000-04:00,T1,T_Machine_Static,cycle_s,2.0,s,192,vlft:process
2026-09-12T13:54:20.000-04:00,T1,T_Machine_Static,busy,0,bool,192,vlft:process
2026-09-12T13:54:20.000-04:00,T1,T_Machine_Static,job_id,33,id,192,vlft:process
2026-09-12T13:54:21.000-04:00,T1,T_Machine_Static,cycle_s,2.0,s,192,vlft:process
2026-09-12T13:54:21.000-04:00,T1,T_Machine_Static,busy,0,bool,192,vlft:process
2026-09-12T13:54:21.000-04:00,T1,T_Machine_Static,job_id,33,id,192,vlft:process
2026-09-12T13:54:22.000-04:00,T1,T_Machine_Static,cycle_s,2.0,s,192,vlft:process
2026-09-12T13:54:22.000-04:00,T1,T_Machine_Static,busy,0,bool,192,vlft:process
2026-09-12T13:54:22.000-04:00,T1,T_Machine_Static,job_id,33,id,192,vlft:process
2026-09-12T13:54:23.000-04:00,T1,T_Machine_Static,cycle_s,2.0,s,192,vlft:process
2026-09-12T13:54:23.000-04:00,T1,T_Machine_Static,busy,0,bool,192,vlft:process
2026-09-12T13:54:23.000-04:00,T1,T_Machine_Static,job_id,33,id,192,vlft:process
2026-09-12T13:54:24.000-04:00,T1,T_Machine_Static,cycle_s,2.0,s,192,vlft:process
2026-09-12T13:54:24.000-04:00,T1,T_Machine_Static,busy,1,bool,192,vlft:process
2026-09-12T13:54:24.000-04:00,T1,T_Machine_Static,job_id,34,id,192,vlft:process
2026-09-12T13:54:25.000-04:00,T1,T_Machine_Static,cycle_s,2.0,s,192,vlft:process
2026-09-12T13:54:25.000-04:00,T1,T_Machine_Static,busy,1,bool,192,vlft:process
2026-09-12T13:54:25.000-04:00,T1,T_Machine_Static,job_id,34,id,192,vlft:process
2026-09-12T13:54:26.000-04:00,T1,T_Machine_Static,cycle_s,2.0,s,192,vlft:process
2026-09-12T13:54:26.000-04:00,T1,T_Machine_Static,busy,0,bool,192,vlft:process
2026-09-12T13:54:26.000-04:00,T1,T_Machine_Static,job_id,34,id,192,vlft:process
2026-09-12T13:54:27.000-04:00,T1,T_Machine_Static,cycle_s,2.0,s,192,vlft:process
2026-09-12T13:54:27.000-04:00,T1,T_Machine_Static,busy,0,bool,192,vlft:process
2026-09-12T13:54:27.000-04:00,T1,T_Machine_Static,job_id,34,id,192,vlft:process
2026-09-12T13:54:28.000-04:00,T1,T_Machine_Static,cycle_s,2.0,s,192,vlft:process
2026-09-12T13:54:28.000-04:00,T1,T_Machine_Static,busy,0,bool,192,vlft:process
2026-09-12T13:54:28.000-04:00,T1,T_Machine_Static,job_id,34,id,192,vlft:process
2026-09-12T13:54:29.000-04:00,T1,T_Machine_Static,cycle_s,2.0,s,192,vlft:process
2026-09-12T13:54:29.000-04:00,T1,T_Machine_Static,busy,0,bool,192,vlft:process
2026-09-12T13:54:29.000-04:00,T1,T_Machine_Static,job_id,34,id,192,vlft:process
2026-09-12T13:54:30.000-04:00,T1,T_Machine_Static,cycle_s,2.0,s,192,vlft:process
2026-09-12T13:54:30.000-04:00,T1,T_Machine_Static,busy,0,bool,192,vlft:process
2026-09-12T13:54:30.000-04:00,T1,T_Machine_Static,job_id,34,id,192,vlft:process
2026-09-12T13:54:31.000-04:00,T1,T_Machine_Static,cycle_s,2.0,s,192,vlft:process
2026-09-12T13:54:31.000-04:00,T1,T_Machine_Static,busy,0,bool,192,vlft:process
2026-09-12T13:54:31.000-04:00,T1,T_Machine_Static,job_id,34,id,192,vlft:process
2026-09-12T13:54:32.000-04:00,T1,T_Machine_Static,cycle_s,2.0,s,192,vlft:process
2026-09-12T13:54:32.000-04:00,T1,T_Machine_Static,busy,1,bool,192,vlft:process
2026-09-12T13:54:32.000-04:00,T1,T_Machine_Static,job_id,35,id,192,vlft:process
2026-09-12T13:54:33.000-04:00,T1,T_Machine_Static,cycle_s,2.0,s,192,vlft:process
2026-09-12T13:54:33.000-04:00,T1,T_Machine_Static,busy,1,bool,192,vlft:process
2026-09-12T13:54:33.000-04:00,T1,T_Machine_Static,job_id,35,id,192,vlft:process
2026-09-12T13:54:34.000-04:00,T1,T_Machine_Static,cycle_s,2.0,s,192,vlft:process
2026-09-12T13:54:34.000-04:00,T1,T_Machine_Static,busy,0,bool,192,vlft:process
2026-09-12T13:54:34.000-04:00,T1,T_Machine_Static,job_id,35,id,192,vlft:process
2026-09-12T13:54:35.000-04:00,T1,T_Machine_Static,cycle_s,2.0,s,192,vlft:process
2026-09-12T13:54:35.000-04:00,T1,T_Machine_Static,busy,0,bool,192,vlft:process
2026-09-12T13:54:35.000-04:00,T1,T_Machine_Static,job_id,35,id,192,vlft:process
2026-09-12T13:54:36.000-04:00,T1,T_Machine_Static,cycle_s,2.0,s,192,vlft:process
2026-09-12T13:54:36.000-04:00,T1,T_Machine_Static,busy,0,bool,192,vlft:process
2026-09-12T13:54:36.000-04:00,T1,T_Machine_Static,job_id,35,id,192,vlft:process
2026-09-12T13:54:37.000-04:00,T1,T_Machine_Static,cycle_s,2.0,s,192,vlft:process
2026-09-12T13:54:37.000-04:00,T1,T_Machine_Static,busy,0,bool,192,vlft:process
2026-09-12T13:54:37.000-04:00,T1,T_Machine_Static,job_id,35,id,192,vlft:process
2026-09-12T13:54:38.000-04:00,T1,T_Machine_Static,cycle_s,2.0,s,192,vlft:process
2026-09-12T13:54:38.000-04:00,T1,T_Machine_Static,busy,0,bool,192,vlft:process
2026-09-12T13:54:38.000-04:00,T1,T_Machine_Static,job_id,35,id,192,vlft:process
2026-09-12T13:54:39.000-04:00,T1,T_Machine_Static,cycle_s,2.0,s,192,vlft:process
2026-09-12T13:54:39.000-04:00,T1,T_Machine_Static,busy,0,bool,192,vlft:process
2026-09-12T13:54:39.000-04:00,T1,T_Machine_Static,job_id,35,id,192,vlft:process
2026-09-12T13:54:40.000-04:00,T1,T_Machine_Static,cycle_s,2.0,s,192,vlft:process
2026-09-12T13:54:40.000-04:00,T1,T_Machine_Static,busy,1,bool,192,vlft:process
2026-09-12T13:54:40.000-04:00,T1,T_Machine_Static,job_id,36,id,192,vlft:process
2026-09-12T13:54:41.000-04:00,T1,T_Machine_Static,cycle_s,2.0,s,192,vlft:process
2026-09-12T13:54:41.000-04:00,T1,T_Machine_Static,busy,1,bool,192,vlft:process
2026-09-12T13:54:41.000-04:00,T1,T_Machine_Static,job_id,36,id,192,vlft:process
2026-09-12T13:54:42.000-04:00,T1,T_Machine_Static,cycle_s,2.0,s,192,vlft:process
2026-09-12T13:54:42.000-04:00,T1,T_Machine_Static,busy,0,bool,192,vlft:process
2026-09-12T13:54:42.000-04:00,T1,T_Machine_Static,job_id,36,id,192,vlft:process
2026-09-12T13:54:43.000-04:00,T1,T_Machine_Static,cycle_s,2.0,s,192,vlft:process
2026-09-12T13:54:43.000-04:00,T1,T_Machine_Static,busy,0,bool,192,vlft:process
2026-09-12T13:54:43.000-04:00,T1,T_Machine_Static,job_id,36,id,192,vlft:process
2026-09-12T13:54:44.000-04:00,T1,T_Machine_Static,cycle_s,2.0,s,192,vlft:process
2026-09-12T13:54:44.000-04:00,T1,T_Machine_Static,busy,0,bool,192,vlft:process
2026-09-12T13:54:44.000-04:00,T1,T_Machine_Static,job_id,36,id,192,vlft:process
2026-09-12T13:54:45.000-04:00,T1,T_Machine_Static,cycle_s,2.0,s,192,vlft:process
2026-09-12T13:54:45.000-04:00,T1,T_Machine_Static,busy,0,bool,192,vlft:process
2026-09-12T13:54:45.000-04:00,T1,T_Machine_Static,job_id,36,id,192,vlft:process
2026-09-12T13:54:46.000-04:00,T1,T_Machine_Static,cycle_s,2.0,s,192,vlft:process
2026-09-12T13:54:46.000-04:00,T1,T_Machine_Static,busy,0,bool,192,vlft:process
2026-09-12T13:54:46.000-04:00,T1,T_Machine_Static,job_id,36,id,192,vlft:process
2026-09-12T13:54:47.000-04:00,T1,T_Machine_Static,cycle_s,2.0,s,192,vlft:process
2026-09-12T13:54:47.000-04:00,T1,T_Machine_Static,busy,0,bool,192,vlft:process
2026-09-12T13:54:47.000-04:00,T1,T_Machine_Static,job_id,36,id,192,vlft:process
2026-09-12T13:54:48.000-04:00,T1,T_Machine_Static,cycle_s,2.0,s,192,vlft:process
2026-09-12T13:54:48.000-04:00,T1,T_Machine_Static,busy,1,bool,192,vlft:process
2026-09-12T13:54:48.000-04:00,T1,T_Machine_Static,job_id,37,id,192,vlft:process
2026-09-12T13:54:49.000-04:00,T1,T_Machine_Static,cycle_s,2.0,s,192,vlft:process
2026-09-12T13:54:49.000-04:00,T1,T_Machine_Static,busy,1,bool,192,vlft:process
2026-09-12T13:54:49.000-04:00,T1,T_Machine_Static,job_id,37,id,192,vlft:process
2026-09-12T13:54:50.000-04:00,T1,T_Machine_Static,cycle_s,2.0,s,192,vlft:process
2026-09-12T13:54:50.000-04:00,T1,T_Machine_Static,busy,0,bool,192,vlft:process
2026-09-12T13:54:50.000-04:00,T1,T_Machine_Static,job_id,37,id,192,vlft:process
2026-09-12T13:54:51.000-04:00,T1,T_Machine_Static,cycle_s,2.0,s,192,vlft:process
2026-09-12T13:54:51.000-04:00,T1,T_Machine_Static,busy,0,bool,192,vlft:process
2026-09-12T13:54:51.000-04:00,T1,T_Machine_Static,job_id,37,id,192,vlft:process
2026-09-12T13:54:52.000-04:00,T1,T_Machine_Static,cycle_s,2.0,s,192,vlft:process
2026-09-12T13:54:52.000-04:00,T1,T_Machine_Static,busy,0,bool,192,vlft:process
2026-09-12T13:54:52.000-04:00,T1,T_Machine_Static,job_id,37,id,192,vlft:process
2026-09-12T13:54:53.000-04:00,T1,T_Machine_Static,cycle_s,2.0,s,192,vlft:process
2026-09-12T13:54:53.000-04:00,T1,T_Machine_Static,busy,0,bool,192,vlft:process
2026-09-12T13:54:53.000-04:00,T1,T_Machine_Static,job_id,37,id,192,vlft:process
2026-09-12T13:54:54.000-04:00,T1,T_Machine_Static,cycle_s,2.0,s,192,vlft:process
2026-09-12T13:54:54.000-04:00,T1,T_Machine_Static,busy,0,bool,192,vlft:process
2026-09-12T13:54:54.000-04:00,T1,T_Machine_Static,job_id,37,id,192,vlft:process
2026-09-12T13:54:55.000-04:00,T1,T_Machine_Static,cycle_s,2.0,s,192,vlft:process
2026-09-12T13:54:55.000-04:00,T1,T_Machine_Static,busy,0,bool,192,vlft:process
2026-09-12T13:54:55.000-04:00,T1,T_Machine_Static,job_id,37,id,192,vlft:process
2026-09-12T13:54:56.000-04:00,T1,T_Machine_Static,cycle_s,2.0,s,192,vlft:process
2026-09-12T13:54:56.000-04:00,T1,T_Machine_Static,busy,1,bool,192,vlft:process
2026-09-12T13:54:56.000-04:00,T1,T_Machine_Static,job_id,38,id,192,vlft:process
2026-09-12T13:54:57.000-04:00,T1,T_Machine_Static,cycle_s,2.0,s,192,vlft:process
2026-09-12T13:54:57.000-04:00,T1,T_Machine_Static,busy,1,bool,192,vlft:process
2026-09-12T13:54:57.000-04:00,T1,T_Machine_Static,job_id,38,id,192,vlft:process
2026-09-12T13:54:58.000-04:00,T1,T_Machine_Static,cycle_s,2.0,s,192,vlft:process
2026-09-12T13:54:58.000-04:00,T1,T_Machine_Static,busy,0,bool,192,vlft:process
2026-09-12T13:54:58.000-04:00,T1,T_Machine_Static,job_id,38,id,192,vlft:process
2026-09-12T13:54:59.000-04:00,T1,T_Machine_Static,cycle_s,2.0,s,192,vlft:process
2026-09-12T13:54:59.000-04:00,T1,T_Machine_Static,busy,0,bool,192,vlft:process
2026-09-12T13:54:59.000-04:00,T1,T_Machine_Static,job_id,38,id,192,vlft:process
2026-09-12T13:55:00.000-04:00,T1,T_Machine_Static,cycle_s,2.0,s,192,vlft:process
2026-09-12T13:55:00.000-04:00,T1,T_Machine_Static,busy,0,bool,192,vlft:process
2026-09-12T13:55:00.000-04:00,T1,T_Machine_Static,job_id,38,id,192,vlft:process
2026-09-12T13:55:01.000-04:00,T1,T_Machine_Static,cycle_s,2.0,s,192,vlft:process
2026-09-12T13:55:01.000-04:00,T1,T_Machine_Static,busy,0,bool,192,vlft:process
2026-09-12T13:55:01.000-04:00,T1,T_Machine_Static,job_id,38,id,192,vlft:process
2026-09-12T13:55:02.000-04:00,T1,T_Machine_Static,cycle_s,2.0,s,192,vlft:process
2026-09-12T13:55:02.000-04:00,T1,T_Machine_Static,busy,0,bool,192,vlft:process
2026-09-12T13:55:02.000-04:00,T1,T_Machine_Static,job_id,38,id,192,vlft:process
2026-09-12T13:55:03.000-04:00,T1,T_Machine_Static,cycle_s,2.0,s,192,vlft:process
2026-09-12T13:55:03.000-04:00,T1,T_Machine_Static,busy,0,bool,192,vlft:process
2026-09-12T13:55:03.000-04:00,T1,T_Machine_Static,job_id,38,id,192,vlft:process
2026-09-12T13:55:04.000-04:00,T1,T_Machine_Static,cycle_s,2.0,s,192,vlft:process
2026-09-12T13:55:04.000-04:00,T1,T_Machine_Static,busy,1,bool,192,vlft:process
2026-09-12T13:55:04.000-04:00,T1,T_Machine_Static,job_id,39,id,192,vlft:process
2026-09-12T13:55:05.000-04:00,T1,T_Machine_Static,cycle_s,2.0,s,192,vlft:process
2026-09-12T13:55:05.000-04:00,T1,T_Machine_Static,busy,1,bool,192,vlft:process
2026-09-12T13:55:05.000-04:00,T1,T_Machine_Static,job_id,39,id,192,vlft:process
2026-09-12T13:55:06.000-04:00,T1,T_Machine_Static,cycle_s,2.0,s,192,vlft:process
2026-09-12T13:55:06.000-04:00,T1,T_Machine_Static,busy,0,bool,192,vlft:process
2026-09-12T13:55:06.000-04:00,T1,T_Machine_Static,job_id,39,id,192,vlft:process
2026-09-12T13:55:07.000-04:00,T1,T_Machine_Static,cycle_s,2.0,s,192,vlft:process
2026-09-12T13:55:07.000-04:00,T1,T_Machine_Static,busy,0,bool,192,vlft:process
2026-09-12T13:55:07.000-04:00,T1,T_Machine_Static,job_id,39,id,192,vlft:process
2026-09-12T13:55:08.000-04:00,T1,T_Machine_Static,cycle_s,2.0,s,192,vlft:process
2026-09-12T13:55:08.000-04:00,T1,T_Machine_Static,busy,0,bool,192,vlft:process
2026-09-12T13:55:08.000-04:00,T1,T_Machine_Static,job_id,39,id,192,vlft:process
2026-09-12T13:55:09.000-04:00,T1,T_Machine_Static,cycle_s,2.0,s,192,vlft:process
2026-09-12T13:55:09.000-04:00,T1,T_Machine_Static,busy,0,bool,192,vlft:process
2026-09-12T13:55:09.000-04:00,T1,T_Machine_Static,job_id,39,id,192,vlft:process
2026-09-12T13:55:10.000-04:00,T1,T_Machine_Static,cycle_s,2.0,s,192,vlft:process
2026-09-12T13:55:10.000-04:00,T1,T_Machine_Static,busy,0,bool,192,vlft:process
2026-09-12T13:55:10.000-04:00,T1,T_Machine_Static,job_id,39,id,192,vlft:process
2026-09-12T13:55:11.000-04:00,T1,T_Machine_Static,cycle_s,2.0,s,192,vlft:process
2026-09-12T13:55:11.000-04:00,T1,T_Machine_Static,busy,0,bool,192,vlft:process
2026-09-12T13:55:11.000-04:00,T1,T_Machine_Static,job_id,39,id,192,vlft:process
2026-09-12T13:55:12.000-04:00,T1,T_Machine_Static,cycle_s,2.0,s,192,vlft:process
2026-09-12T13:55:12.000-04:00,T1,T_Machine_Static,busy,1,bool,192,vlft:process
2026-09-12T13:55:12.000-04:00,T1,T_Machine_Static,job_id,40,id,192,vlft:process
2026-09-12T13:55:13.000-04:00,T1,T_Machine_Static,cycle_s,2.0,s,192,vlft:process
2026-09-12T13:55:13.000-04:00,T1,T_Machine_Static,busy,1,bool,192,vlft:process
2026-09-12T13:55:13.000-04:00,T1,T_Machine_Static,job_id,40,id,192,vlft:process
2026-09-12T13:55:14.000-04:00,T1,T_Machine_Static,cycle_s,2.0,s,192,vlft:process
2026-09-12T13:55:14.000-04:00,T1,T_Machine_Static,busy,0,bool,192,vlft:process
2026-09-12T13:55:14.000-04:00,T1,T_Machine_Static,job_id,40,id,192,vlft:process
2026-09-12T13:55:15.000-04:00,T1,T_Machine_Static,cycle_s,2.0,s,192,vlft:process
2026-09-12T13:55:15.000-04:00,T1,T_Machine_Static,busy,0,bool,192,vlft:process
2026-09-12T13:55:15.000-04:00,T1,T_Machine_Static,job_id,40,id,192,vlft:process
2026-09-12T13:55:16.000-04:00,T1,T_Machine_Static,cycle_s,2.0,s,192,vlft:process
2026-09-12T13:55:16.000-04:00,T1,T_Machine_Static,busy,0,bool,192,vlft:process
2026-09-12T13:55:16.000-04:00,T1,T_Machine_Static,job_id,40,id,192,vlft:process
2026-09-12T13:55:17.000-04:00,T1,T_Machine_Static,cycle_s,2.0,s,192,vlft:process
2026-09-12T13:55:17.000-04:00,T1,T_Machine_Static,busy,0,bool,192,vlft:process
2026-09-12T13:55:17.000-04:00,T1,T_Machine_Static,job_id,40,id,192,vlft:process
2026-09-12T13:55:18.000-04:00,T1,T_Machine_Static,cycle_s,2.0,s,192,vlft:process
2026-09-12T13:55:18.000-04:00,T1,T_Machine_Static,busy,0,bool,192,vlft:process
2026-09-12T13:55:18.000-04:00,T1,T_Machine_Static,job_id,40,id,192,vlft:process
2026-09-12T13:55:19.000-04:00,T1,T_Machine_Static,cycle_s,2.0,s,192,vlft:process
2026-09-12T13:55:19.000-04:00,T1,T_Machine_Static,busy,0,bool,192,vlft:process
2026-09-12T13:55:19.000-04:00,T1,T_Machine_Static,job_id,40,id,192,vlft:process
2026-09-12T13:55:20.000-04:00,T1,T_Machine_Static,cycle_s,2.0,s,192,vlft:process
2026-09-12T13:55:20.000-04:00,T1,T_Machine_Static,busy,1,bool,192,vlft:process
2026-09-12T13:55:20.000-04:00,T1,T_Machine_Static,job_id,41,id,192,vlft:process
2026-09-12T13:55:21.000-04:00,T1,T_Machine_Static,cycle_s,2.0,s,192,vlft:process
2026-09-12T13:55:21.000-04:00,T1,T_Machine_Static,busy,1,bool,192,vlft:process
2026-09-12T13:55:21.000-04:00,T1,T_Machine_Static,job_id,41,id,192,vlft:process
2026-09-12T13:55:22.000-04:00,T1,T_Machine_Static,cycle_s,2.0,s,192,vlft:process
2026-09-12T13:55:22.000-04:00,T1,T_Machine_Static,busy,0,bool,192,vlft:process
2026-09-12T13:55:22.000-04:00,T1,T_Machine_Static,job_id,41,id,192,vlft:process
2026-09-12T13:55:23.000-04:00,T1,T_Machine_Static,cycle_s,2.0,s,192,vlft:process
2026-09-12T13:55:23.000-04:00,T1,T_Machine_Static,busy,0,bool,192,vlft:process
2026-09-12T13:55:23.000-04:00,T1,T_Machine_Static,job_id,41,id,192,vlft:process
2026-09-12T13:55:24.000-04:00,T1,T_Machine_Static,cycle_s,2.0,s,192,vlft:process
2026-09-12T13:55:24.000-04:00,T1,T_Machine_Static,busy,0,bool,192,vlft:process
2026-09-12T13:55:24.000-04:00,T1,T_Machine_Static,job_id,41,id,192,vlft:process
2026-09-12T13:55:25.000-04:00,T1,T_Machine_Static,cycle_s,2.0,s,192,vlft:process
2026-09-12T13:55:25.000-04:00,T1,T_Machine_Static,busy,0,bool,192,vlft:process
2026-09-12T13:55:25.000-04:00,T1,T_Machine_Static,job_id,41,id,192,vlft:process
2026-09-12T13:55:26.000-04:00,T1,T_Machine_Static,cycle_s,2.0,s,192,vlft:process
2026-09-12T13:55:26.000-04:00,T1,T_Machine_Static,busy,0,bool,192,vlft:process
2026-09-12T13:55:26.000-04:00,T1,T_Machine_Static,job_id,41,id,192,vlft:process
2026-09-12T13:55:27.000-04:00,T1,T_Machine_Static,cycle_s,2.0,s,192,vlft:process
2026-09-12T13:55:27.000-04:00,T1,T_Machine_Static,busy,0,bool,192,vlft:process
2026-09-12T13:55:27.000-04:00,T1,T_Machine_Static,job_id,41,id,192,vlft:process
2026-09-12T13:55:28.000-04:00,T1,T_Machine_Static,cycle_s,2.0,s,192,vlft:process
2026-09-12T13:55:28.000-04:00,T1,T_Machine_Static,busy,1,bool,192,vlft:process
2026-09-12T13:55:28.000-04:00,T1,T_Machine_Static,job_id,42,id,192,vlft:process
2026-09-12T13:55:29.000-04:00,T1,T_Machine_Static,cycle_s,2.0,s,192,vlft:process
2026-09-12T13:55:29.000-04:00,T1,T_Machine_Static,busy,1,bool,192,vlft:process
2026-09-12T13:55:29.000-04:00,T1,T_Machine_Static,job_id,42,id,192,vlft:process
2026-09-12T13:55:30.000-04:00,T1,T_Machine_Static,cycle_s,2.0,s,192,vlft:process
2026-09-12T13:55:30.000-04:00,T1,T_Machine_Static,busy,0,bool,192,vlft:process
2026-09-12T13:55:30.000-04:00,T1,T_Machine_Static,job_id,42,id,192,vlft:process
2026-09-12T13:55:31.000-04:00,T1,T_Machine_Static,cycle_s,2.0,s,192,vlft:process
2026-09-12T13:55:31.000-04:00,T1,T_Machine_Static,busy,0,bool,192,vlft:process
2026-09-12T13:55:31.000-04:00,T1,T_Machine_Static,job_id,42,id,192,vlft:process
2026-09-12T13:55:32.000-04:00,T1,T_Machine_Static,cycle_s,2.0,s,192,vlft:process
2026-09-12T13:55:32.000-04:00,T1,T_Machine_Static,busy,0,bool,192,vlft:process
2026-09-12T13:55:32.000-04:00,T1,T_Machine_Static,job_id,42,id,192,vlft:process
2026-09-12T13:55:33.000-04:00,T1,T_Machine_Static,cycle_s,2.0,s,192,vlft:process
2026-09-12T13:55:33.000-04:00,T1,T_Machine_Static,busy,0,bool,192,vlft:process
2026-09-12T13:55:33.000-04:00,T1,T_Machine_Static,job_id,42,id,192,vlft:process
2026-09-12T13:55:34.000-04:00,T1,T_Machine_Static,cycle_s,2.0,s,192,vlft:process
2026-09-12T13:55:34.000-04:00,T1,T_Machine_Static,busy,0,bool,192,vlft:process
2026-09-12T13:55:34.000-04:00,T1,T_Machine_Static,job_id,42,id,192,vlft:process
2026-09-12T13:55:35.000-04:00,T1,T_Machine_Static,cycle_s,2.0,s,192,vlft:process
2026-09-12T13:55:35.000-04:00,T1,T_Machine_Static,busy,0,bool,192,vlft:process
2026-09-12T13:55:35.000-04:00,T1,T_Machine_Static,job_id,42,id,192,vlft:process
2026-09-12T13:55:36.000-04:00,T1,T_Machine_Static,cycle_s,2.0,s,192,vlft:process
2026-09-12T13:55:36.000-04:00,T1,T_Machine_Static,busy,1,bool,192,vlft:process
2026-09-12T13:55:36.000-04:00,T1,T_Machine_Static,job_id,43,id,192,vlft:process
2026-09-12T13:55:37.000-04:00,T1,T_Machine_Static,cycle_s,2.0,s,192,vlft:process
2026-09-12T13:55:37.000-04:00,T1,T_Machine_Static,busy,1,bool,192,vlft:process
2026-09-12T13:55:37.000-04:00,T1,T_Machine_Static,job_id,43,id,192,vlft:process
2026-09-12T13:55:38.000-04:00,T1,T_Machine_Static,cycle_s,2.0,s,192,vlft:process
2026-09-12T13:55:38.000-04:00,T1,T_Machine_Static,busy,0,bool,192,vlft:process
2026-09-12T13:55:38.000-04:00,T1,T_Machine_Static,job_id,43,id,192,vlft:process
2026-09-12T13:55:39.000-04:00,T1,T_Machine_Static,cycle_s,2.0,s,192,vlft:process
2026-09-12T13:55:39.000-04:00,T1,T_Machine_Static,busy,0,bool,192,vlft:process
2026-09-12T13:55:39.000-04:00,T1,T_Machine_Static,job_id,43,id,192,vlft:process
2026-09-12T13:55:40.000-04:00,T1,T_Machine_Static,cycle_s,2.0,s,192,vlft:process
2026-09-12T13:55:40.000-04:00,T1,T_Machine_Static,busy,0,bool,192,vlft:process
2026-09-12T13:55:40.000-04:00,T1,T_Machine_Static,job_id,43,id,192,vlft:process
2026-09-12T13:55:41.000-04:00,T1,T_Machine_Static,cycle_s,2.0,s,192,vlft:process
2026-09-12T13:55:41.000-04:00,T1,T_Machine_Static,busy,0,bool,192,vlft:process
2026-09-12T13:55:41.000-04:00,T1,T_Machine_Static,job_id,43,id,192,vlft:process
2026-09-12T13:55:42.000-04:00,T1,T_Machine_Static,cycle_s,2.0,s,192,vlft:process
2026-09-12T13:55:42.000-04:00,T1,T_Machine_Static,busy,0,bool,192,vlft:process
2026-09-12T13:55:42.000-04:00,T1,T_Machine_Static,job_id,43,id,192,vlft:process
2026-09-12T13:55:43.000-04:00,T1,T_Machine_Static,cycle_s,2.0,s,192,vlft:process
2026-09-12T13:55:43.000-04:00,T1,T_Machine_Static,busy,0,bool,192,vlft:process
2026-09-12T13:55:43.000-04:00,T1,T_Machine_Static,job_id,43,id,192,vlft:process
2026-09-12T13:55:44.000-04:00,T1,T_Machine_Static,cycle_s,2.0,s,192,vlft:process
2026-09-12T13:55:44.000-04:00,T1,T_Machine_Static,busy,1,bool,192,vlft:process
2026-09-12T13:55:44.000-04:00,T1,T_Machine_Static,job_id,44,id,192,vlft:process
2026-09-12T13:55:45.000-04:00,T1,T_Machine_Static,cycle_s,2.0,s,192,vlft:process
2026-09-12T13:55:45.000-04:00,T1,T_Machine_Static,busy,1,bool,192,vlft:process
2026-09-12T13:55:45.000-04:00,T1,T_Machine_Static,job_id,44,id,192,vlft:process
2026-09-12T13:55:46.000-04:00,T1,T_Machine_Static,cycle_s,2.0,s,192,vlft:process
2026-09-12T13:55:46.000-04:00,T1,T_Machine_Static,busy,0,bool,192,vlft:process
2026-09-12T13:55:46.000-04:00,T1,T_Machine_Static,job_id,44,id,192,vlft:process
2026-09-12T13:55:47.000-04:00,T1,T_Machine_Static,cycle_s,2.0,s,192,vlft:process
2026-09-12T13:55:47.000-04:00,T1,T_Machine_Static,busy,0,bool,192,vlft:process
2026-09-12T13:55:47.000-04:00,T1,T_Machine_Static,job_id,44,id,192,vlft:process
2026-09-12T13:55:48.000-04:00,T1,T_Machine_Static,cycle_s,2.0,s,192,vlft:process
2026-09-12T13:55:48.000-04:00,T1,T_Machine_Static,busy,0,bool,192,vlft:process
2026-09-12T13:55:48.000-04:00,T1,T_Machine_Static,job_id,44,id,192,vlft:process
2026-09-12T13:55:49.000-04:00,T1,T_Machine_Static,cycle_s,2.0,s,192,vlft:process
2026-09-12T13:55:49.000-04:00,T1,T_Machine_Static,busy,0,bool,192,vlft:process
2026-09-12T13:55:49.000-04:00,T1,T_Machine_Static,job_id,44,id,192,vlft:process
2026-09-12T13:55:50.000-04:00,T1,T_Machine_Static,cycle_s,2.0,s,192,vlft:process
2026-09-12T13:55:50.000-04:00,T1,T_Machine_Static,busy,0,bool,192,vlft:process
2026-09-12T13:55:50.000-04:00,T1,T_Machine_Static,job_id,44,id,192,vlft:process
2026-09-12T13:55:51.000-04:00,T1,T_Machine_Static,cycle_s,2.0,s,192,vlft:process
2026-09-12T13:55:51.000-04:00,T1,T_Machine_Static,busy,0,bool,192,vlft:process
2026-09-12T13:55:51.000-04:00,T1,T_Machine_Static,job_id,44,id,192,vlft:process
2026-09-12T13:55:52.000-04:00,T1,T_Machine_Static,cycle_s,2.0,s,192,vlft:process
2026-09-12T13:55:52.000-04:00,T1,T_Machine_Static,busy,1,bool,192,vlft:process
2026-09-12T13:55:52.000-04:00,T1,T_Machine_Static,job_id,45,id,192,vlft:process
2026-09-12T13:55:53.000-04:00,T1,T_Machine_Static,cycle_s,2.0,s,192,vlft:process
2026-09-12T13:55:53.000-04:00,T1,T_Machine_Static,busy,1,bool,192,vlft:process
2026-09-12T13:55:53.000-04:00,T1,T_Machine_Static,job_id,45,id,192,vlft:process
2026-09-12T13:55:54.000-04:00,T1,T_Machine_Static,cycle_s,2.0,s,192,vlft:process
2026-09-12T13:55:54.000-04:00,T1,T_Machine_Static,busy,0,bool,192,vlft:process
2026-09-12T13:55:54.000-04:00,T1,T_Machine_Static,job_id,45,id,192,vlft:process
2026-09-12T13:55:55.000-04:00,T1,T_Machine_Static,cycle_s,2.0,s,192,vlft:process
2026-09-12T13:55:55.000-04:00,T1,T_Machine_Static,busy,0,bool,192,vlft:process
2026-09-12T13:55:55.000-04:00,T1,T_Machine_Static,job_id,45,id,192,vlft:process
2026-09-12T13:55:56.000-04:00,T1,T_Machine_Static,cycle_s,2.0,s,192,vlft:process
2026-09-12T13:55:56.000-04:00,T1,T_Machine_Static,busy,0,bool,192,vlft:process
2026-09-12T13:55:56.000-04:00,T1,T_Machine_Static,job_id,45,id,192,vlft:process
2026-09-12T13:55:57.000-04:00,T1,T_Machine_Static,cycle_s,2.0,s,192,vlft:process
2026-09-12T13:55:57.000-04:00,T1,T_Machine_Static,busy,0,bool,192,vlft:process
2026-09-12T13:55:57.000-04:00,T1,T_Machine_Static,job_id,45,id,192,vlft:process
2026-09-12T13:55:58.000-04:00,T1,T_Machine_Static,cycle_s,2.0,s,192,vlft:process
2026-09-12T13:55:58.000-04:00,T1,T_Machine_Static,busy,0,bool,192,vlft:process
2026-09-12T13:55:58.000-04:00,T1,T_Machine_Static,job_id,45,id,192,vlft:process
2026-09-12T13:55:59.000-04:00,T1,T_Machine_Static,cycle_s,2.0,s,192,vlft:process
2026-09-12T13:55:59.000-04:00,T1,T_Machine_Static,busy,0,bool,192,vlft:process
2026-09-12T13:55:59.000-04:00,T1,T_Machine_Static,job_id,45,id,192,vlft:process
2026-09-12T13:56:00.000-04:00,T1,T_Machine_Static,cycle_s,2.0,s,192,vlft:process
2026-09-12T13:56:00.000-04:00,T1,T_Machine_Static,busy,1,bool,192,vlft:process
2026-09-12T13:56:00.000-04:00,T1,T_Machine_Static,job_id,46,id,192,vlft:process
2026-09-12T13:56:01.000-04:00,T1,T_Machine_Static,cycle_s,2.0,s,192,vlft:process
2026-09-12T13:56:01.000-04:00,T1,T_Machine_Static,busy,1,bool,192,vlft:process
2026-09-12T13:56:01.000-04:00,T1,T_Machine_Static,job_id,46,id,192,vlft:process
2026-09-12T13:56:02.000-04:00,T1,T_Machine_Static,cycle_s,2.0,s,192,vlft:process
2026-09-12T13:56:02.000-04:00,T1,T_Machine_Static,busy,0,bool,192,vlft:process
2026-09-12T13:56:02.000-04:00,T1,T_Machine_Static,job_id,46,id,192,vlft:process
2026-09-12T13:56:03.000-04:00,T1,T_Machine_Static,cycle_s,2.0,s,192,vlft:process
2026-09-12T13:56:03.000-04:00,T1,T_Machine_Static,busy,0,bool,192,vlft:process
2026-09-12T13:56:03.000-04:00,T1,T_Machine_Static,job_id,46,id,192,vlft:process
2026-09-12T13:56:04.000-04:00,T1,T_Machine_Static,cycle_s,2.0,s,192,vlft:process
2026-09-12T13:56:04.000-04:00,T1,T_Machine_Static,busy,0,bool,192,vlft:process
2026-09-12T13:56:04.000-04:00,T1,T_Machine_Static,job_id,46,id,192,vlft:process
2026-09-12T13:56:05.000-04:00,T1,T_Machine_Static,cycle_s,2.0,s,192,vlft:process
2026-09-12T13:56:05.000-04:00,T1,T_Machine_Static,busy,0,bool,192,vlft:process
2026-09-12T13:56:05.000-04:00,T1,T_Machine_Static,job_id,46,id,192,vlft:process
2026-09-12T13:56:06.000-04:00,T1,T_Machine_Static,cycle_s,2.0,s,192,vlft:process
2026-09-12T13:56:06.000-04:00,T1,T_Machine_Static,busy,0,bool,192,vlft:process
2026-09-12T13:56:06.000-04:00,T1,T_Machine_Static,job_id,46,id,192,vlft:process
2026-09-12T13:56:07.000-04:00,T1,T_Machine_Static,cycle_s,2.0,s,192,vlft:process
2026-09-12T13:56:07.000-04:00,T1,T_Machine_Static,busy,0,bool,192,vlft:process
2026-09-12T13:56:07.000-04:00,T1,T_Machine_Static,job_id,46,id,192,vlft:process
2026-09-12T13:56:08.000-04:00,T1,T_Machine_Static,cycle_s,2.0,s,192,vlft:process
2026-09-12T13:56:08.000-04:00,T1,T_Machine_Static,busy,1,bool,192,vlft:process
2026-09-12T13:56:08.000-04:00,T1,T_Machine_Static,job_id,47,id,192,vlft:process
2026-09-12T13:56:09.000-04:00,T1,T_Machine_Static,cycle_s,2.0,s,192,vlft:process
2026-09-12T13:56:09.000-04:00,T1,T_Machine_Static,busy,1,bool,192,vlft:process
2026-09-12T13:56:09.000-04:00,T1,T_Machine_Static,job_id,47,id,192,vlft:process
2026-09-12T13:56:10.000-04:00,T1,T_Machine_Static,cycle_s,2.0,s,192,vlft:process
2026-09-12T13:56:10.000-04:00,T1,T_Machine_Static,busy,0,bool,192,vlft:process
2026-09-12T13:56:10.000-04:00,T1,T_Machine_Static,job_id,47,id,192,vlft:process
2026-09-12T13:56:11.000-04:00,T1,T_Machine_Static,cycle_s,2.0,s,192,vlft:process
2026-09-12T13:56:11.000-04:00,T1,T_Machine_Static,busy,0,bool,192,vlft:process
2026-09-12T13:56:11.000-04:00,T1,T_Machine_Static,job_id,47,id,192,vlft:process
2026-09-12T13:56:12.000-04:00,T1,T_Machine_Static,cycle_s,2.0,s,192,vlft:process
2026-09-12T13:56:12.000-04:00,T1,T_Machine_Static,busy,0,bool,192,vlft:process
2026-09-12T13:56:12.000-04:00,T1,T_Machine_Static,job_id,47,id,192,vlft:process
2026-09-12T13:56:13.000-04:00,T1,T_Machine_Static,cycle_s,2.0,s,192,vlft:process
2026-09-12T13:56:13.000-04:00,T1,T_Machine_Static,busy,0,bool,192,vlft:process
2026-09-12T13:56:13.000-04:00,T1,T_Machine_Static,job_id,47,id,192,vlft:process
2026-09-12T13:56:14.000-04:00,T1,T_Machine_Static,cycle_s,2.0,s,192,vlft:process
2026-09-12T13:56:14.000-04:00,T1,T_Machine_Static,busy,0,bool,192,vlft:process
2026-09-12T13:56:14.000-04:00,T1,T_Machine_Static,job_id,47,id,192,vlft:process
2026-09-12T13:56:15.000-04:00,T1,T_Machine_Static,cycle_s,2.0,s,192,vlft:process
2026-09-12T13:56:15.000-04:00,T1,T_Machine_Static,busy,0,bool,192,vlft:process
2026-09-12T13:56:15.000-04:00,T1,T_Machine_Static,job_id,47,id,192,vlft:process
2026-09-12T13:56:16.000-04:00,T1,T_Machine_Static,cycle_s,2.0,s,192,vlft:process
2026-09-12T13:56:16.000-04:00,T1,T_Machine_Static,busy,1,bool,192,vlft:process
2026-09-12T13:56:16.000-04:00,T1,T_Machine_Static,job_id,48,id,192,vlft:process
2026-09-12T13:56:17.000-04:00,T1,T_Machine_Static,cycle_s,2.0,s,192,vlft:process
2026-09-12T13:56:17.000-04:00,T1,T_Machine_Static,busy,1,bool,192,vlft:process
2026-09-12T13:56:17.000-04:00,T1,T_Machine_Static,job_id,48,id,192,vlft:process
2026-09-12T13:56:18.000-04:00,T1,T_Machine_Static,cycle_s,2.0,s,192,vlft:process
2026-09-12T13:56:18.000-04:00,T1,T_Machine_Static,busy,0,bool,192,vlft:process
2026-09-12T13:56:18.000-04:00,T1,T_Machine_Static,job_id,48,id,192,vlft:process
2026-09-12T13:56:19.000-04:00,T1,T_Machine_Static,cycle_s,2.0,s,192,vlft:process
2026-09-12T13:56:19.000-04:00,T1,T_Machine_Static,busy,0,bool,192,vlft:process
2026-09-12T13:56:19.000-04:00,T1,T_Machine_Static,job_id,48,id,192,vlft:process
2026-09-12T13:56:20.000-04:00,T1,T_Machine_Static,cycle_s,2.0,s,192,vlft:process
2026-09-12T13:56:20.000-04:00,T1,T_Machine_Static,busy,0,bool,192,vlft:process
2026-09-12T13:56:20.000-04:00,T1,T_Machine_Static,job_id,48,id,192,vlft:process
2026-09-12T13:56:21.000-04:00,T1,T_Machine_Static,cycle_s,2.0,s,192,vlft:process
2026-09-12T13:56:21.000-04:00,T1,T_Machine_Static,busy,0,bool,192,vlft:process
2026-09-12T13:56:21.000-04:00,T1,T_Machine_Static,job_id,48,id,192,vlft:process
2026-09-12T13:56:22.000-04:00,T1,T_Machine_Static,cycle_s,2.0,s,192,vlft:process
2026-09-12T13:56:22.000-04:00,T1,T_Machine_Static,busy,0,bool,192,vlft:process
2026-09-12T13:56:22.000-04:00,T1,T_Machine_Static,job_id,48,id,192,vlft:process
2026-09-12T13:56:23.000-04:00,T1,T_Machine_Static,cycle_s,2.0,s,192,vlft:process
2026-09-12T13:56:23.000-04:00,T1,T_Machine_Static,busy,0,bool,192,vlft:process
2026-09-12T13:56:23.000-04:00,T1,T_Machine_Static,job_id,48,id,192,vlft:process
2026-09-12T13:56:24.000-04:00,T1,T_Machine_Static,cycle_s,2.0,s,192,vlft:process
2026-09-12T13:56:24.000-04:00,T1,T_Machine_Static,busy,1,bool,192,vlft:process
2026-09-12T13:56:24.000-04:00,T1,T_Machine_Static,job_id,49,id,192,vlft:process
2026-09-12T13:56:25.000-04:00,T1,T_Machine_Static,cycle_s,2.0,s,192,vlft:process
2026-09-12T13:56:25.000-04:00,T1,T_Machine_Static,busy,1,bool,192,vlft:process
2026-09-12T13:56:25.000-04:00,T1,T_Machine_Static,job_id,49,id,192,vlft:process
2026-09-12T13:56:26.000-04:00,T1,T_Machine_Static,cycle_s,2.0,s,192,vlft:process
2026-09-12T13:56:26.000-04:00,T1,T_Machine_Static,busy,0,bool,192,vlft:process
2026-09-12T13:56:26.000-04:00,T1,T_Machine_Static,job_id,49,id,192,vlft:process
2026-09-12T13:56:27.000-04:00,T1,T_Machine_Static,cycle_s,2.0,s,192,vlft:process
2026-09-12T13:56:27.000-04:00,T1,T_Machine_Static,busy,0,bool,192,vlft:process
2026-09-12T13:56:27.000-04:00,T1,T_Machine_Static,job_id,49,id,192,vlft:process
2026-09-12T13:56:28.000-04:00,T1,T_Machine_Static,cycle_s,2.0,s,192,vlft:process
2026-09-12T13:56:28.000-04:00,T1,T_Machine_Static,busy,0,bool,192,vlft:process
2026-09-12T13:56:28.000-04:00,T1,T_Machine_Static,job_id,49,id,192,vlft:process
2026-09-12T13:56:29.000-04:00,T1,T_Machine_Static,cycle_s,2.0,s,192,vlft:process
2026-09-12T13:56:29.000-04:00,T1,T_Machine_Static,busy,0,bool,192,vlft:process
2026-09-12T13:56:29.000-04:00,T1,T_Machine_Static,job_id,49,id,192,vlft:process
2026-09-12T13:56:30.000-04:00,T1,T_Machine_Static,cycle_s,2.0,s,192,vlft:process
2026-09-12T13:56:30.000-04:00,T1,T_Machine_Static,busy,0,bool,192,vlft:process
2026-09-12T13:56:30.000-04:00,T1,T_Machine_Static,job_id,49,id,192,vlft:process
2026-09-12T13:56:31.000-04:00,T1,T_Machine_Static,cycle_s,2.0,s,192,vlft:process
2026-09-12T13:56:31.000-04:00,T1,T_Machine_Static,busy,0,bool,192,vlft:process
2026-09-12T13:56:31.000-04:00,T1,T_Machine_Static,job_id,49,id,192,vlft:process
2026-09-12T13:56:32.000-04:00,T1,T_Machine_Static,cycle_s,2.0,s,192,vlft:process
2026-09-12T13:56:32.000-04:00,T1,T_Machine_Static,busy,1,bool,192,vlft:process
2026-09-12T13:56:32.000-04:00,T1,T_Machine_Static,job_id,50,id,192,vlft:process
2026-09-12T13:56:33.000-04:00,T1,T_Machine_Static,cycle_s,2.0,s,192,vlft:process
2026-09-12T13:56:33.000-04:00,T1,T_Machine_Static,busy,1,bool,192,vlft:process
2026-09-12T13:56:33.000-04:00,T1,T_Machine_Static,job_id,50,id,192,vlft:process
2026-09-12T13:56:34.000-04:00,T1,T_Machine_Static,cycle_s,2.0,s,192,vlft:process
2026-09-12T13:56:34.000-04:00,T1,T_Machine_Static,busy,0,bool,192,vlft:process
2026-09-12T13:56:34.000-04:00,T1,T_Machine_Static,job_id,50,id,192,vlft:process
2026-09-12T13:56:35.000-04:00,T1,T_Machine_Static,cycle_s,2.0,s,192,vlft:process
2026-09-12T13:56:35.000-04:00,T1,T_Machine_Static,busy,0,bool,192,vlft:process
2026-09-12T13:56:35.000-04:00,T1,T_Machine_Static,job_id,50,id,192,vlft:process
2026-09-12T13:56:36.000-04:00,T1,T_Machine_Static,cycle_s,2.0,s,192,vlft:process
2026-09-12T13:56:36.000-04:00,T1,T_Machine_Static,busy,0,bool,192,vlft:process
2026-09-12T13:56:36.000-04:00,T1,T_Machine_Static,job_id,50,id,192,vlft:process
2026-09-12T13:56:37.000-04:00,T1,T_Machine_Static,cycle_s,2.0,s,192,vlft:process
2026-09-12T13:56:37.000-04:00,T1,T_Machine_Static,busy,0,bool,192,vlft:process
2026-09-12T13:56:37.000-04:00,T1,T_Machine_Static,job_id,50,id,192,vlft:process
2026-09-12T13:56:38.000-04:00,T1,T_Machine_Static,cycle_s,2.0,s,192,vlft:process
2026-09-12T13:56:38.000-04:00,T1,T_Machine_Static,busy,0,bool,192,vlft:process
2026-09-12T13:56:38.000-04:00,T1,T_Machine_Static,job_id,50,id,192,vlft:process
2026-09-12T13:56:39.000-04:00,T1,T_Machine_Static,cycle_s,2.0,s,192,vlft:process
2026-09-12T13:56:39.000-04:00,T1,T_Machine_Static,busy,0,bool,192,vlft:process
2026-09-12T13:56:39.000-04:00,T1,T_Machine_Static,job_id,50,id,192,vlft:process
2026-09-12T13:56:40.000-04:00,T1,T_Machine_Static,cycle_s,2.0,s,192,vlft:process
2026-09-12T13:56:40.000-04:00,T1,T_Machine_Static,busy,1,bool,192,vlft:process
2026-09-12T13:56:40.000-04:00,T1,T_Machine_Static,job_id,51,id,192,vlft:process
2026-09-12T13:56:41.000-04:00,T1,T_Machine_Static,cycle_s,2.0,s,192,vlft:process
2026-09-12T13:56:41.000-04:00,T1,T_Machine_Static,busy,1,bool,192,vlft:process
2026-09-12T13:56:41.000-04:00,T1,T_Machine_Static,job_id,51,id,192,vlft:process
2026-09-12T13:56:42.000-04:00,T1,T_Machine_Static,cycle_s,2.0,s,192,vlft:process
2026-09-12T13:56:42.000-04:00,T1,T_Machine_Static,busy,0,bool,192,vlft:process
2026-09-12T13:56:42.000-04:00,T1,T_Machine_Static,job_id,51,id,192,vlft:process
2026-09-12T13:56:43.000-04:00,T1,T_Machine_Static,cycle_s,2.0,s,192,vlft:process
2026-09-12T13:56:43.000-04:00,T1,T_Machine_Static,busy,0,bool,192,vlft:process
2026-09-12T13:56:43.000-04:00,T1,T_Machine_Static,job_id,51,id,192,vlft:process
2026-09-12T13:56:44.000-04:00,T1,T_Machine_Static,cycle_s,2.0,s,192,vlft:process
2026-09-12T13:56:44.000-04:00,T1,T_Machine_Static,busy,0,bool,192,vlft:process
2026-09-12T13:56:44.000-04:00,T1,T_Machine_Static,job_id,51,id,192,vlft:process
2026-09-12T13:56:45.000-04:00,T1,T_Machine_Static,cycle_s,2.0,s,192,vlft:process
2026-09-12T13:56:45.000-04:00,T1,T_Machine_Static,busy,0,bool,192,vlft:process
2026-09-12T13:56:45.000-04:00,T1,T_Machine_Static,job_id,51,id,192,vlft:process
2026-09-12T13:56:46.000-04:00,T1,T_Machine_Static,cycle_s,2.0,s,192,vlft:process
2026-09-12T13:56:46.000-04:00,T1,T_Machine_Static,busy,0,bool,192,vlft:process
2026-09-12T13:56:46.000-04:00,T1,T_Machine_Static,job_id,51,id,192,vlft:process
2026-09-12T13:56:47.000-04:00,T1,T_Machine_Static,cycle_s,2.0,s,192,vlft:process
2026-09-12T13:56:47.000-04:00,T1,T_Machine_Static,busy,0,bool,192,vlft:process
2026-09-12T13:56:47.000-04:00,T1,T_Machine_Static,job_id,51,id,192,vlft:process
2026-09-12T13:56:48.000-04:00,T1,T_Machine_Static,cycle_s,2.0,s,192,vlft:process
2026-09-12T13:56:48.000-04:00,T1,T_Machine_Static,busy,1,bool,192,vlft:process
2026-09-12T13:56:48.000-04:00,T1,T_Machine_Static,job_id,52,id,192,vlft:process
2026-09-12T13:56:49.000-04:00,T1,T_Machine_Static,cycle_s,2.0,s,192,vlft:process
2026-09-12T13:56:49.000-04:00,T1,T_Machine_Static,busy,1,bool,192,vlft:process
2026-09-12T13:56:49.000-04:00,T1,T_Machine_Static,job_id,52,id,192,vlft:process
2026-09-12T13:56:50.000-04:00,T1,T_Machine_Static,cycle_s,2.0,s,192,vlft:process
2026-09-12T13:56:50.000-04:00,T1,T_Machine_Static,busy,0,bool,192,vlft:process
2026-09-12T13:56:50.000-04:00,T1,T_Machine_Static,job_id,52,id,192,vlft:process
2026-09-12T13:56:51.000-04:00,T1,T_Machine_Static,cycle_s,2.0,s,192,vlft:process
2026-09-12T13:56:51.000-04:00,T1,T_Machine_Static,busy,0,bool,192,vlft:process
2026-09-12T13:56:51.000-04:00,T1,T_Machine_Static,job_id,52,id,192,vlft:process
2026-09-12T13:56:52.000-04:00,T1,T_Machine_Static,cycle_s,2.0,s,192,vlft:process
2026-09-12T13:56:52.000-04:00,T1,T_Machine_Static,busy,0,bool,192,vlft:process
2026-09-12T13:56:52.000-04:00,T1,T_Machine_Static,job_id,52,id,192,vlft:process
2026-09-12T13:56:53.000-04:00,T1,T_Machine_Static,cycle_s,2.0,s,192,vlft:process
2026-09-12T13:56:53.000-04:00,T1,T_Machine_Static,busy,0,bool,192,vlft:process
2026-09-12T13:56:53.000-04:00,T1,T_Machine_Static,job_id,52,id,192,vlft:process
2026-09-12T13:56:54.000-04:00,T1,T_Machine_Static,cycle_s,2.0,s,192,vlft:process
2026-09-12T13:56:54.000-04:00,T1,T_Machine_Static,busy,0,bool,192,vlft:process
2026-09-12T13:56:54.000-04:00,T1,T_Machine_Static,job_id,52,id,192,vlft:process
2026-09-12T13:56:55.000-04:00,T1,T_Machine_Static,cycle_s,2.0,s,192,vlft:process
2026-09-12T13:56:55.000-04:00,T1,T_Machine_Static,busy,0,bool,192,vlft:process
2026-09-12T13:56:55.000-04:00,T1,T_Machine_Static,job_id,52,id,192,vlft:process
2026-09-12T13:56:56.000-04:00,T1,T_Machine_Static,cycle_s,2.0,s,192,vlft:process
2026-09-12T13:56:56.000-04:00,T1,T_Machine_Static,busy,1,bool,192,vlft:process
2026-09-12T13:56:56.000-04:00,T1,T_Machine_Static,job_id,53,id,192,vlft:process
2026-09-12T13:56:57.000-04:00,T1,T_Machine_Static,cycle_s,2.0,s,192,vlft:process
2026-09-12T13:56:57.000-04:00,T1,T_Machine_Static,busy,1,bool,192,vlft:process
2026-09-12T13:56:57.000-04:00,T1,T_Machine_Static,job_id,53,id,192,vlft:process
2026-09-12T13:56:58.000-04:00,T1,T_Machine_Static,cycle_s,2.0,s,192,vlft:process
2026-09-12T13:56:58.000-04:00,T1,T_Machine_Static,busy,0,bool,192,vlft:process
2026-09-12T13:56:58.000-04:00,T1,T_Machine_Static,job_id,53,id,192,vlft:process
2026-09-12T13:56:59.000-04:00,T1,T_Machine_Static,cycle_s,2.0,s,192,vlft:process
2026-09-12T13:56:59.000-04:00,T1,T_Machine_Static,busy,0,bool,192,vlft:process
2026-09-12T13:56:59.000-04:00,T1,T_Machine_Static,job_id,53,id,192,vlft:process
2026-09-12T13:57:00.000-04:00,T1,T_Machine_Static,cycle_s,2.0,s,192,vlft:process
2026-09-12T13:57:00.000-04:00,T1,T_Machine_Static,busy,0,bool,192,vlft:process
2026-09-12T13:57:00.000-04:00,T1,T_Machine_Static,job_id,53,id,192,vlft:process
2026-09-12T13:57:01.000-04:00,T1,T_Machine_Static,cycle_s,2.0,s,192,vlft:process
2026-09-12T13:57:01.000-04:00,T1,T_Machine_Static,busy,0,bool,192,vlft:process
2026-09-12T13:57:01.000-04:00,T1,T_Machine_Static,job_id,53,id,192,vlft:process
2026-09-12T13:57:02.000-04:00,T1,T_Machine_Static,cycle_s,2.0,s,192,vlft:process
2026-09-12T13:57:02.000-04:00,T1,T_Machine_Static,busy,0,bool,192,vlft:process
2026-09-12T13:57:02.000-04:00,T1,T_Machine_Static,job_id,53,id,192,vlft:process
2026-09-12T13:57:03.000-04:00,T1,T_Machine_Static,cycle_s,2.0,s,192,vlft:process
2026-09-12T13:57:03.000-04:00,T1,T_Machine_Static,busy,0,bool,192,vlft:process
2026-09-12T13:57:03.000-04:00,T1,T_Machine_Static,job_id,53,id,192,vlft:process
2026-09-12T13:57:04.000-04:00,T1,T_Machine_Static,cycle_s,2.0,s,192,vlft:process
2026-09-12T13:57:04.000-04:00,T1,T_Machine_Static,busy,1,bool,192,vlft:process
2026-09-12T13:57:04.000-04:00,T1,T_Machine_Static,job_id,54,id,192,vlft:process
2026-09-12T13:57:05.000-04:00,T1,T_Machine_Static,cycle_s,2.0,s,192,vlft:process
2026-09-12T13:57:05.000-04:00,T1,T_Machine_Static,busy,1,bool,192,vlft:process
2026-09-12T13:57:05.000-04:00,T1,T_Machine_Static,job_id,54,id,192,vlft:process
2026-09-12T13:57:06.000-04:00,T1,T_Machine_Static,cycle_s,2.0,s,192,vlft:process
2026-09-12T13:57:06.000-04:00,T1,T_Machine_Static,busy,0,bool,192,vlft:process
2026-09-12T13:57:06.000-04:00,T1,T_Machine_Static,job_id,54,id,192,vlft:process
2026-09-12T13:57:07.000-04:00,T1,T_Machine_Static,cycle_s,2.0,s,192,vlft:process
2026-09-12T13:57:07.000-04:00,T1,T_Machine_Static,busy,0,bool,192,vlft:process
2026-09-12T13:57:07.000-04:00,T1,T_Machine_Static,job_id,54,id,192,vlft:process
2026-09-12T13:57:08.000-04:00,T1,T_Machine_Static,cycle_s,2.0,s,192,vlft:process
2026-09-12T13:57:08.000-04:00,T1,T_Machine_Static,busy,0,bool,192,vlft:process
2026-09-12T13:57:08.000-04:00,T1,T_Machine_Static,job_id,54,id,192,vlft:process
2026-09-12T13:57:09.000-04:00,T1,T_Machine_Static,cycle_s,2.0,s,192,vlft:process
2026-09-12T13:57:09.000-04:00,T1,T_Machine_Static,busy,0,bool,192,vlft:process
2026-09-12T13:57:09.000-04:00,T1,T_Machine_Static,job_id,54,id,192,vlft:process
2026-09-12T13:57:10.000-04:00,T1,T_Machine_Static,cycle_s,2.0,s,192,vlft:process
2026-09-12T13:57:10.000-04:00,T1,T_Machine_Static,busy,0,bool,192,vlft:process
2026-09-12T13:57:10.000-04:00,T1,T_Machine_Static,job_id,54,id,192,vlft:process
2026-09-12T13:57:11.000-04:00,T1,T_Machine_Static,cycle_s,2.0,s,192,vlft:process
2026-09-12T13:57:11.000-04:00,T1,T_Machine_Static,busy,0,bool,192,vlft:process
2026-09-12T13:57:11.000-04:00,T1,T_Machine_Static,job_id,54,id,192,vlft:process
2026-09-12T13:57:12.000-04:00,T1,T_Machine_Static,cycle_s,2.0,s,192,vlft:process
2026-09-12T13:57:12.000-04:00,T1,T_Machine_Static,busy,1,bool,192,vlft:process
2026-09-12T13:57:12.000-04:00,T1,T_Machine_Static,job_id,55,id,192,vlft:process
2026-09-12T13:57:13.000-04:00,T1,T_Machine_Static,cycle_s,2.0,s,192,vlft:process
2026-09-12T13:57:13.000-04:00,T1,T_Machine_Static,busy,1,bool,192,vlft:process
2026-09-12T13:57:13.000-04:00,T1,T_Machine_Static,job_id,55,id,192,vlft:process
2026-09-12T13:57:14.000-04:00,T1,T_Machine_Static,cycle_s,2.0,s,192,vlft:process
2026-09-12T13:57:14.000-04:00,T1,T_Machine_Static,busy,0,bool,192,vlft:process
2026-09-12T13:57:14.000-04:00,T1,T_Machine_Static,job_id,55,id,192,vlft:process
2026-09-12T13:57:15.000-04:00,T1,T_Machine_Static,cycle_s,2.0,s,192,vlft:process
2026-09-12T13:57:15.000-04:00,T1,T_Machine_Static,busy,0,bool,192,vlft:process
2026-09-12T13:57:15.000-04:00,T1,T_Machine_Static,job_id,55,id,192,vlft:process
2026-09-12T13:57:16.000-04:00,T1,T_Machine_Static,cycle_s,2.0,s,192,vlft:process
2026-09-12T13:57:16.000-04:00,T1,T_Machine_Static,busy,0,bool,192,vlft:process
2026-09-12T13:57:16.000-04:00,T1,T_Machine_Static,job_id,55,id,192,vlft:process
2026-09-12T13:57:17.000-04:00,T1,T_Machine_Static,cycle_s,2.0,s,192,vlft:process
2026-09-12T13:57:17.000-04:00,T1,T_Machine_Static,busy,0,bool,192,vlft:process
2026-09-12T13:57:17.000-04:00,T1,T_Machine_Static,job_id,55,id,192,vlft:process
2026-09-12T13:57:18.000-04:00,T1,T_Machine_Static,cycle_s,2.0,s,192,vlft:process
2026-09-12T13:57:18.000-04:00,T1,T_Machine_Static,busy,0,bool,192,vlft:process
2026-09-12T13:57:18.000-04:00,T1,T_Machine_Static,job_id,55,id,192,vlft:process
2026-09-12T13:57:19.000-04:00,T1,T_Machine_Static,cycle_s,2.0,s,192,vlft:process
2026-09-12T13:57:19.000-04:00,T1,T_Machine_Static,busy,0,bool,192,vlft:process
2026-09-12T13:57:19.000-04:00,T1,T_Machine_Static,job_id,55,id,192,vlft:process
2026-09-12T13:57:20.000-04:00,T1,T_Machine_Static,cycle_s,2.0,s,192,vlft:process
2026-09-12T13:57:20.000-04:00,T1,T_Machine_Static,busy,1,bool,192,vlft:process
2026-09-12T13:57:20.000-04:00,T1,T_Machine_Static,job_id,56,id,192,vlft:process
2026-09-12T13:57:21.000-04:00,T1,T_Machine_Static,cycle_s,2.0,s,192,vlft:process
2026-09-12T13:57:21.000-04:00,T1,T_Machine_Static,busy,1,bool,192,vlft:process
2026-09-12T13:57:21.000-04:00,T1,T_Machine_Static,job_id,56,id,192,vlft:process
2026-09-12T13:57:22.000-04:00,T1,T_Machine_Static,cycle_s,2.0,s,192,vlft:process
2026-09-12T13:57:22.000-04:00,T1,T_Machine_Static,busy,0,bool,192,vlft:process
2026-09-12T13:57:22.000-04:00,T1,T_Machine_Static,job_id,56,id,192,vlft:process
2026-09-12T13:57:23.000-04:00,T1,T_Machine_Static,cycle_s,2.0,s,192,vlft:process
2026-09-12T13:57:23.000-04:00,T1,T_Machine_Static,busy,0,bool,192,vlft:process
2026-09-12T13:57:23.000-04:00,T1,T_Machine_Static,job_id,56,id,192,vlft:process
2026-09-12T13:57:24.000-04:00,T1,T_Machine_Static,cycle_s,2.0,s,192,vlft:process
2026-09-12T13:57:24.000-04:00,T1,T_Machine_Static,busy,0,bool,192,vlft:process
2026-09-12T13:57:24.000-04:00,T1,T_Machine_Static,job_id,56,id,192,vlft:process
2026-09-12T13:57:25.000-04:00,T1,T_Machine_Static,cycle_s,2.0,s,192,vlft:process
2026-09-12T13:57:25.000-04:00,T1,T_Machine_Static,busy,0,bool,192,vlft:process
2026-09-12T13:57:25.000-04:00,T1,T_Machine_Static,job_id,56,id,192,vlft:process
2026-09-12T13:57:26.000-04:00,T1,T_Machine_Static,cycle_s,2.0,s,192,vlft:process
2026-09-12T13:57:26.000-04:00,T1,T_Machine_Static,busy,0,bool,192,vlft:process
2026-09-12T13:57:26.000-04:00,T1,T_Machine_Static,job_id,56,id,192,vlft:process
2026-09-12T13:57:27.000-04:00,T1,T_Machine_Static,cycle_s,2.0,s,192,vlft:process
2026-09-12T13:57:27.000-04:00,T1,T_Machine_Static,busy,0,bool,192,vlft:process
2026-09-12T13:57:27.000-04:00,T1,T_Machine_Static,job_id,56,id,192,vlft:process
2026-09-12T13:57:28.000-04:00,T1,T_Machine_Static,cycle_s,2.0,s,192,vlft:process
2026-09-12T13:57:28.000-04:00,T1,T_Machine_Static,busy,1,bool,192,vlft:process
2026-09-12T13:57:28.000-04:00,T1,T_Machine_Static,job_id,57,id,192,vlft:process
2026-09-12T13:57:29.000-04:00,T1,T_Machine_Static,cycle_s,2.0,s,192,vlft:process
2026-09-12T13:57:29.000-04:00,T1,T_Machine_Static,busy,1,bool,192,vlft:process
2026-09-12T13:57:29.000-04:00,T1,T_Machine_Static,job_id,57,id,192,vlft:process
2026-09-12T13:57:30.000-04:00,T1,T_Machine_Static,cycle_s,2.0,s,192,vlft:process
2026-09-12T13:57:30.000-04:00,T1,T_Machine_Static,busy,0,bool,192,vlft:process
2026-09-12T13:57:30.000-04:00,T1,T_Machine_Static,job_id,57,id,192,vlft:process
2026-09-12T13:57:31.000-04:00,T1,T_Machine_Static,cycle_s,2.0,s,192,vlft:process
2026-09-12T13:57:31.000-04:00,T1,T_Machine_Static,busy,0,bool,192,vlft:process
2026-09-12T13:57:31.000-04:00,T1,T_Machine_Static,job_id,57,id,192,vlft:process
2026-09-12T13:57:32.000-04:00,T1,T_Machine_Static,cycle_s,2.0,s,192,vlft:process
2026-09-12T13:57:32.000-04:00,T1,T_Machine_Static,busy,0,bool,192,vlft:process
2026-09-12T13:57:32.000-04:00,T1,T_Machine_Static,job_id,57,id,192,vlft:process
2026-09-12T13:57:33.000-04:00,T1,T_Machine_Static,cycle_s,2.0,s,192,vlft:process
2026-09-12T13:57:33.000-04:00,T1,T_Machine_Static,busy,0,bool,192,vlft:process
2026-09-12T13:57:33.000-04:00,T1,T_Machine_Static,job_id,57,id,192,vlft:process
2026-09-12T13:57:34.000-04:00,T1,T_Machine_Static,cycle_s,2.0,s,192,vlft:process
2026-09-12T13:57:34.000-04:00,T1,T_Machine_Static,busy,0,bool,192,vlft:process
2026-09-12T13:57:34.000-04:00,T1,T_Machine_Static,job_id,57,id,192,vlft:process
2026-09-12T13:57:35.000-04:00,T1,T_Machine_Static,cycle_s,2.0,s,192,vlft:process
2026-09-12T13:57:35.000-04:00,T1,T_Machine_Static,busy,0,bool,192,vlft:process
2026-09-12T13:57:35.000-04:00,T1,T_Machine_Static,job_id,57,id,192,vlft:process
2026-09-12T13:57:36.000-04:00,T1,T_Machine_Static,cycle_s,2.0,s,192,vlft:process
2026-09-12T13:57:36.000-04:00,T1,T_Machine_Static,busy,1,bool,192,vlft:process
2026-09-12T13:57:36.000-04:00,T1,T_Machine_Static,job_id,58,id,192,vlft:process
2026-09-12T13:57:37.000-04:00,T1,T_Machine_Static,cycle_s,2.0,s,192,vlft:process
2026-09-12T13:57:37.000-04:00,T1,T_Machine_Static,busy,1,bool,192,vlft:process
2026-09-12T13:57:37.000-04:00,T1,T_Machine_Static,job_id,58,id,192,vlft:process
2026-09-12T13:57:38.000-04:00,T1,T_Machine_Static,cycle_s,2.0,s,192,vlft:process
2026-09-12T13:57:38.000-04:00,T1,T_Machine_Static,busy,0,bool,192,vlft:process
2026-09-12T13:57:38.000-04:00,T1,T_Machine_Static,job_id,58,id,192,vlft:process
2026-09-12T13:57:39.000-04:00,T1,T_Machine_Static,cycle_s,2.0,s,192,vlft:process
2026-09-12T13:57:39.000-04:00,T1,T_Machine_Static,busy,0,bool,192,vlft:process
2026-09-12T13:57:39.000-04:00,T1,T_Machine_Static,job_id,58,id,192,vlft:process
2026-09-12T13:57:40.000-04:00,T1,T_Machine_Static,cycle_s,2.0,s,192,vlft:process
2026-09-12T13:57:40.000-04:00,T1,T_Machine_Static,busy,0,bool,192,vlft:process
2026-09-12T13:57:40.000-04:00,T1,T_Machine_Static,job_id,58,id,192,vlft:process
2026-09-12T13:57:41.000-04:00,T1,T_Machine_Static,cycle_s,2.0,s,192,vlft:process
2026-09-12T13:57:41.000-04:00,T1,T_Machine_Static,busy,0,bool,192,vlft:process
2026-09-12T13:57:41.000-04:00,T1,T_Machine_Static,job_id,58,id,192,vlft:process
2026-09-12T13:57:42.000-04:00,T1,T_Machine_Static,cycle_s,2.0,s,192,vlft:process
2026-09-12T13:57:42.000-04:00,T1,T_Machine_Static,busy,0,bool,192,vlft:process
2026-09-12T13:57:42.000-04:00,T1,T_Machine_Static,job_id,58,id,192,vlft:process
2026-09-12T13:57:43.000-04:00,T1,T_Machine_Static,cycle_s,2.0,s,192,vlft:process
2026-09-12T13:57:43.000-04:00,T1,T_Machine_Static,busy,0,bool,192,vlft:process
2026-09-12T13:57:43.000-04:00,T1,T_Machine_Static,job_id,58,id,192,vlft:process
2026-09-12T13:57:44.000-04:00,T1,T_Machine_Static,cycle_s,2.0,s,192,vlft:process
2026-09-12T13:57:44.000-04:00,T1,T_Machine_Static,busy,1,bool,192,vlft:process
2026-09-12T13:57:44.000-04:00,T1,T_Machine_Static,job_id,59,id,192,vlft:process
2026-09-12T13:57:45.000-04:00,T1,T_Machine_Static,cycle_s,2.0,s,192,vlft:process
2026-09-12T13:57:45.000-04:00,T1,T_Machine_Static,busy,1,bool,192,vlft:process
2026-09-12T13:57:45.000-04:00,T1,T_Machine_Static,job_id,59,id,192,vlft:process
2026-09-12T13:57:46.000-04:00,T1,T_Machine_Static,cycle_s,2.0,s,192,vlft:process
2026-09-12T13:57:46.000-04:00,T1,T_Machine_Static,busy,0,bool,192,vlft:process
2026-09-12T13:57:46.000-04:00,T1,T_Machine_Static,job_id,59,id,192,vlft:process
2026-09-12T13:57:47.000-04:00,T1,T_Machine_Static,cycle_s,2.0,s,192,vlft:process
2026-09-12T13:57:47.000-04:00,T1,T_Machine_Static,busy,0,bool,192,vlft:process
2026-09-12T13:57:47.000-04:00,T1,T_Machine_Static,job_id,59,id,192,vlft:process
2026-09-12T13:57:48.000-04:00,T1,T_Machine_Static,cycle_s,2.0,s,192,vlft:process
2026-09-12T13:57:48.000-04:00,T1,T_Machine_Static,busy,0,bool,192,vlft:process
2026-09-12T13:57:48.000-04:00,T1,T_Machine_Static,job_id,59,id,192,vlft:process
2026-09-12T13:57:49.000-04:00,T1,T_Machine_Static,cycle_s,2.0,s,192,vlft:process
2026-09-12T13:57:49.000-04:00,T1,T_Machine_Static,busy,0,bool,192,vlft:process
2026-09-12T13:57:49.000-04:00,T1,T_Machine_Static,job_id,59,id,192,vlft:process
2026-09-12T13:57:50.000-04:00,T1,T_Machine_Static,cycle_s,2.0,s,192,vlft:process
2026-09-12T13:57:50.000-04:00,T1,T_Machine_Static,busy,0,bool,192,vlft:process
2026-09-12T13:57:50.000-04:00,T1,T_Machine_Static,job_id,59,id,192,vlft:process
2026-09-12T13:57:51.000-04:00,T1,T_Machine_Static,cycle_s,2.0,s,192,vlft:process
2026-09-12T13:57:51.000-04:00,T1,T_Machine_Static,busy,0,bool,192,vlft:process
2026-09-12T13:57:51.000-04:00,T1,T_Machine_Static,job_id,59,id,192,vlft:process
2026-09-12T13:57:52.000-04:00,T1,T_Machine_Static,cycle_s,2.0,s,192,vlft:process
2026-09-12T13:57:52.000-04:00,T1,T_Machine_Static,busy,1,bool,192,vlft:process
2026-09-12T13:57:52.000-04:00,T1,T_Machine_Static,job_id,60,id,192,vlft:process
2026-09-12T13:57:53.000-04:00,T1,T_Machine_Static,cycle_s,2.0,s,192,vlft:process
2026-09-12T13:57:53.000-04:00,T1,T_Machine_Static,busy,1,bool,192,vlft:process
2026-09-12T13:57:53.000-04:00,T1,T_Machine_Static,job_id,60,id,192,vlft:process
2026-09-12T13:57:54.000-04:00,T1,T_Machine_Static,cycle_s,2.0,s,192,vlft:process
2026-09-12T13:57:54.000-04:00,T1,T_Machine_Static,busy,0,bool,192,vlft:process
2026-09-12T13:57:54.000-04:00,T1,T_Machine_Static,job_id,60,id,192,vlft:process
2026-09-12T13:57:55.000-04:00,T1,T_Machine_Static,cycle_s,2.0,s,192,vlft:process
2026-09-12T13:57:55.000-04:00,T1,T_Machine_Static,busy,0,bool,192,vlft:process
2026-09-12T13:57:55.000-04:00,T1,T_Machine_Static,job_id,60,id,192,vlft:process
2026-09-12T13:57:56.000-04:00,T1,T_Machine_Static,cycle_s,2.0,s,192,vlft:process
2026-09-12T13:57:56.000-04:00,T1,T_Machine_Static,busy,0,bool,192,vlft:process
2026-09-12T13:57:56.000-04:00,T1,T_Machine_Static,job_id,60,id,192,vlft:process
2026-09-12T13:57:57.000-04:00,T1,T_Machine_Static,cycle_s,2.0,s,192,vlft:process
2026-09-12T13:57:57.000-04:00,T1,T_Machine_Static,busy,0,bool,192,vlft:process
2026-09-12T13:57:57.000-04:00,T1,T_Machine_Static,job_id,60,id,192,vlft:process
2026-09-12T13:57:58.000-04:00,T1,T_Machine_Static,cycle_s,2.0,s,192,vlft:process
2026-09-12T13:57:58.000-04:00,T1,T_Machine_Static,busy,0,bool,192,vlft:process
2026-09-12T13:57:58.000-04:00,T1,T_Machine_Static,job_id,60,id,192,vlft:process
2026-09-12T13:57:59.000-04:00,T1,T_Machine_Static,cycle_s,2.0,s,192,vlft:process
2026-09-12T13:57:59.000-04:00,T1,T_Machine_Static,busy,0,bool,192,vlft:process
2026-09-12T13:57:59.000-04:00,T1,T_Machine_Static,job_id,60,id,192,vlft:process
2026-09-12T13:58:00.000-04:00,T1,T_Machine_Static,cycle_s,2.0,s,192,vlft:process
2026-09-12T13:58:00.000-04:00,T1,T_Machine_Static,busy,1,bool,192,vlft:process
2026-09-12T13:58:00.000-04:00,T1,T_Machine_Static,job_id,61,id,192,vlft:process
2026-09-12T13:58:01.000-04:00,T1,T_Machine_Static,cycle_s,2.0,s,192,vlft:process
2026-09-12T13:58:01.000-04:00,T1,T_Machine_Static,busy,1,bool,192,vlft:process
2026-09-12T13:58:01.000-04:00,T1,T_Machine_Static,job_id,61,id,192,vlft:process
2026-09-12T13:58:02.000-04:00,T1,T_Machine_Static,cycle_s,2.0,s,192,vlft:process
2026-09-12T13:58:02.000-04:00,T1,T_Machine_Static,busy,0,bool,192,vlft:process
2026-09-12T13:58:02.000-04:00,T1,T_Machine_Static,job_id,61,id,192,vlft:process
2026-09-12T13:58:03.000-04:00,T1,T_Machine_Static,cycle_s,2.0,s,192,vlft:process
2026-09-12T13:58:03.000-04:00,T1,T_Machine_Static,busy,0,bool,192,vlft:process
2026-09-12T13:58:03.000-04:00,T1,T_Machine_Static,job_id,61,id,192,vlft:process
2026-09-12T13:58:04.000-04:00,T1,T_Machine_Static,cycle_s,2.0,s,192,vlft:process
2026-09-12T13:58:04.000-04:00,T1,T_Machine_Static,busy,0,bool,192,vlft:process
2026-09-12T13:58:04.000-04:00,T1,T_Machine_Static,job_id,61,id,192,vlft:process
2026-09-12T13:58:05.000-04:00,T1,T_Machine_Static,cycle_s,2.0,s,192,vlft:process
2026-09-12T13:58:05.000-04:00,T1,T_Machine_Static,busy,0,bool,192,vlft:process
2026-09-12T13:58:05.000-04:00,T1,T_Machine_Static,job_id,61,id,192,vlft:process
2026-09-12T13:58:06.000-04:00,T1,T_Machine_Static,cycle_s,2.0,s,192,vlft:process
2026-09-12T13:58:06.000-04:00,T1,T_Machine_Static,busy,0,bool,192,vlft:process
2026-09-12T13:58:06.000-04:00,T1,T_Machine_Static,job_id,61,id,192,vlft:process
2026-09-12T13:58:07.000-04:00,T1,T_Machine_Static,cycle_s,2.0,s,192,vlft:process
2026-09-12T13:58:07.000-04:00,T1,T_Machine_Static,busy,0,bool,192,vlft:process
2026-09-12T13:58:07.000-04:00,T1,T_Machine_Static,job_id,61,id,192,vlft:process
2026-09-12T13:58:08.000-04:00,T1,T_Machine_Static,cycle_s,2.0,s,192,vlft:process
2026-09-12T13:58:08.000-04:00,T1,T_Machine_Static,busy,1,bool,192,vlft:process
2026-09-12T13:58:08.000-04:00,T1,T_Machine_Static,job_id,62,id,192,vlft:process
2026-09-12T13:58:09.000-04:00,T1,T_Machine_Static,cycle_s,2.0,s,192,vlft:process
2026-09-12T13:58:09.000-04:00,T1,T_Machine_Static,busy,1,bool,192,vlft:process
2026-09-12T13:58:09.000-04:00,T1,T_Machine_Static,job_id,62,id,192,vlft:process
2026-09-12T13:58:10.000-04:00,T1,T_Machine_Static,cycle_s,2.0,s,192,vlft:process
2026-09-12T13:58:10.000-04:00,T1,T_Machine_Static,busy,0,bool,192,vlft:process
2026-09-12T13:58:10.000-04:00,T1,T_Machine_Static,job_id,62,id,192,vlft:process
2026-09-12T13:58:11.000-04:00,T1,T_Machine_Static,cycle_s,2.0,s,192,vlft:process
2026-09-12T13:58:11.000-04:00,T1,T_Machine_Static,busy,0,bool,192,vlft:process
2026-09-12T13:58:11.000-04:00,T1,T_Machine_Static,job_id,62,id,192,vlft:process
2026-09-12T13:58:12.000-04:00,T1,T_Machine_Static,cycle_s,2.0,s,192,vlft:process
2026-09-12T13:58:12.000-04:00,T1,T_Machine_Static,busy,0,bool,192,vlft:process
2026-09-12T13:58:12.000-04:00,T1,T_Machine_Static,job_id,62,id,192,vlft:process
2026-09-12T13:58:13.000-04:00,T1,T_Machine_Static,cycle_s,2.0,s,192,vlft:process
2026-09-12T13:58:13.000-04:00,T1,T_Machine_Static,busy,0,bool,192,vlft:process
2026-09-12T13:58:13.000-04:00,T1,T_Machine_Static,job_id,62,id,192,vlft:process
2026-09-12T13:58:14.000-04:00,T1,T_Machine_Static,cycle_s,2.0,s,192,vlft:process
2026-09-12T13:58:14.000-04:00,T1,T_Machine_Static,busy,0,bool,192,vlft:process
2026-09-12T13:58:14.000-04:00,T1,T_Machine_Static,job_id,62,id,192,vlft:process
2026-09-12T13:58:15.000-04:00,T1,T_Machine_Static,cycle_s,2.0,s,192,vlft:process
2026-09-12T13:58:15.000-04:00,T1,T_Machine_Static,busy,0,bool,192,vlft:process
2026-09-12T13:58:15.000-04:00,T1,T_Machine_Static,job_id,62,id,192,vlft:process
2026-09-12T13:58:16.000-04:00,T1,T_Machine_Static,cycle_s,2.0,s,192,vlft:process
2026-09-12T13:58:16.000-04:00,T1,T_Machine_Static,busy,1,bool,192,vlft:process
2026-09-12T13:58:16.000-04:00,T1,T_Machine_Static,job_id,63,id,192,vlft:process
2026-09-12T13:58:17.000-04:00,T1,T_Machine_Static,cycle_s,2.0,s,192,vlft:process
2026-09-12T13:58:17.000-04:00,T1,T_Machine_Static,busy,1,bool,192,vlft:process
2026-09-12T13:58:17.000-04:00,T1,T_Machine_Static,job_id,63,id,192,vlft:process
2026-09-12T13:58:18.000-04:00,T1,T_Machine_Static,cycle_s,2.0,s,192,vlft:process
2026-09-12T13:58:18.000-04:00,T1,T_Machine_Static,busy,0,bool,192,vlft:process
2026-09-12T13:58:18.000-04:00,T1,T_Machine_Static,job_id,63,id,192,vlft:process
2026-09-12T13:58:19.000-04:00,T1,T_Machine_Static,cycle_s,2.0,s,192,vlft:process
2026-09-12T13:58:19.000-04:00,T1,T_Machine_Static,busy,0,bool,192,vlft:process
2026-09-12T13:58:19.000-04:00,T1,T_Machine_Static,job_id,63,id,192,vlft:process
2026-09-12T13:58:20.000-04:00,T1,T_Machine_Static,cycle_s,2.0,s,192,vlft:process
2026-09-12T13:58:20.000-04:00,T1,T_Machine_Static,busy,0,bool,192,vlft:process
2026-09-12T13:58:20.000-04:00,T1,T_Machine_Static,job_id,63,id,192,vlft:process
2026-09-12T13:58:21.000-04:00,T1,T_Machine_Static,cycle_s,2.0,s,192,vlft:process
2026-09-12T13:58:21.000-04:00,T1,T_Machine_Static,busy,0,bool,192,vlft:process
2026-09-12T13:58:21.000-04:00,T1,T_Machine_Static,job_id,63,id,192,vlft:process
2026-09-12T13:58:22.000-04:00,T1,T_Machine_Static,cycle_s,2.0,s,192,vlft:process
2026-09-12T13:58:22.000-04:00,T1,T_Machine_Static,busy,0,bool,192,vlft:process
2026-09-12T13:58:22.000-04:00,T1,T_Machine_Static,job_id,63,id,192,vlft:process
2026-09-12T13:58:23.000-04:00,T1,T_Machine_Static,cycle_s,2.0,s,192,vlft:process
2026-09-12T13:58:23.000-04:00,T1,T_Machine_Static,busy,0,bool,192,vlft:process
2026-09-12T13:58:23.000-04:00,T1,T_Machine_Static,job_id,63,id,192,vlft:process
2026-09-12T13:58:24.000-04:00,T1,T_Machine_Static,cycle_s,2.0,s,192,vlft:process
2026-09-12T13:58:24.000-04:00,T1,T_Machine_Static,busy,1,bool,192,vlft:process
2026-09-12T13:58:24.000-04:00,T1,T_Machine_Static,job_id,64,id,192,vlft:process
2026-09-12T13:58:25.000-04:00,T1,T_Machine_Static,cycle_s,2.0,s,192,vlft:process
2026-09-12T13:58:25.000-04:00,T1,T_Machine_Static,busy,1,bool,192,vlft:process
2026-09-12T13:58:25.000-04:00,T1,T_Machine_Static,job_id,64,id,192,vlft:process
2026-09-12T13:58:26.000-04:00,T1,T_Machine_Static,cycle_s,2.0,s,192,vlft:process
2026-09-12T13:58:26.000-04:00,T1,T_Machine_Static,busy,0,bool,192,vlft:process
2026-09-12T13:58:26.000-04:00,T1,T_Machine_Static,job_id,64,id,192,vlft:process
2026-09-12T13:58:27.000-04:00,T1,T_Machine_Static,cycle_s,2.0,s,192,vlft:process
2026-09-12T13:58:27.000-04:00,T1,T_Machine_Static,busy,0,bool,192,vlft:process
2026-09-12T13:58:27.000-04:00,T1,T_Machine_Static,job_id,64,id,192,vlft:process
2026-09-12T13:58:28.000-04:00,T1,T_Machine_Static,cycle_s,2.0,s,192,vlft:process
2026-09-12T13:58:28.000-04:00,T1,T_Machine_Static,busy,0,bool,192,vlft:process
2026-09-12T13:58:28.000-04:00,T1,T_Machine_Static,job_id,64,id,192,vlft:process
2026-09-12T13:58:29.000-04:00,T1,T_Machine_Static,cycle_s,2.0,s,192,vlft:process
2026-09-12T13:58:29.000-04:00,T1,T_Machine_Static,busy,0,bool,192,vlft:process
2026-09-12T13:58:29.000-04:00,T1,T_Machine_Static,job_id,64,id,192,vlft:process
2026-09-12T13:58:30.000-04:00,T1,T_Machine_Static,cycle_s,2.0,s,192,vlft:process
2026-09-12T13:58:30.000-04:00,T1,T_Machine_Static,busy,0,bool,192,vlft:process
2026-09-12T13:58:30.000-04:00,T1,T_Machine_Static,job_id,64,id,192,vlft:process
2026-09-12T13:58:31.000-04:00,T1,T_Machine_Static,cycle_s,2.0,s,192,vlft:process
2026-09-12T13:58:31.000-04:00,T1,T_Machine_Static,busy,0,bool,192,vlft:process
2026-09-12T13:58:31.000-04:00,T1,T_Machine_Static,job_id,64,id,192,vlft:process
2026-09-12T13:58:32.000-04:00,T1,T_Machine_Static,cycle_s,2.0,s,192,vlft:process
2026-09-12T13:58:32.000-04:00,T1,T_Machine_Static,busy,1,bool,192,vlft:process
2026-09-12T13:58:32.000-04:00,T1,T_Machine_Static,job_id,65,id,192,vlft:process
2026-09-12T13:58:33.000-04:00,T1,T_Machine_Static,cycle_s,2.0,s,192,vlft:process
2026-09-12T13:58:33.000-04:00,T1,T_Machine_Static,busy,1,bool,192,vlft:process
2026-09-12T13:58:33.000-04:00,T1,T_Machine_Static,job_id,65,id,192,vlft:process
2026-09-12T13:58:34.000-04:00,T1,T_Machine_Static,cycle_s,2.0,s,192,vlft:process
2026-09-12T13:58:34.000-04:00,T1,T_Machine_Static,busy,0,bool,192,vlft:process
2026-09-12T13:58:34.000-04:00,T1,T_Machine_Static,job_id,65,id,192,vlft:process
2026-09-12T13:58:35.000-04:00,T1,T_Machine_Static,cycle_s,2.0,s,192,vlft:process
2026-09-12T13:58:35.000-04:00,T1,T_Machine_Static,busy,0,bool,192,vlft:process
2026-09-12T13:58:35.000-04:00,T1,T_Machine_Static,job_id,65,id,192,vlft:process
2026-09-12T13:58:36.000-04:00,T1,T_Machine_Static,cycle_s,2.0,s,192,vlft:process
2026-09-12T13:58:36.000-04:00,T1,T_Machine_Static,busy,0,bool,192,vlft:process
2026-09-12T13:58:36.000-04:00,T1,T_Machine_Static,job_id,65,id,192,vlft:process
2026-09-12T13:58:37.000-04:00,T1,T_Machine_Static,cycle_s,2.0,s,192,vlft:process
2026-09-12T13:58:37.000-04:00,T1,T_Machine_Static,busy,0,bool,192,vlft:process
2026-09-12T13:58:37.000-04:00,T1,T_Machine_Static,job_id,65,id,192,vlft:process
2026-09-12T13:58:38.000-04:00,T1,T_Machine_Static,cycle_s,2.0,s,192,vlft:process
2026-09-12T13:58:38.000-04:00,T1,T_Machine_Static,busy,0,bool,192,vlft:process
2026-09-12T13:58:38.000-04:00,T1,T_Machine_Static,job_id,65,id,192,vlft:process
2026-09-12T13:58:39.000-04:00,T1,T_Machine_Static,cycle_s,2.0,s,192,vlft:process
2026-09-12T13:58:39.000-04:00,T1,T_Machine_Static,busy,0,bool,192,vlft:process
2026-09-12T13:58:39.000-04:00,T1,T_Machine_Static,job_id,65,id,192,vlft:process
2026-09-12T13:58:40.000-04:00,T1,T_Machine_Static,cycle_s,2.0,s,192,vlft:process
2026-09-12T13:58:40.000-04:00,T1,T_Machine_Static,busy,1,bool,192,vlft:process
2026-09-12T13:58:40.000-04:00,T1,T_Machine_Static,job_id,66,id,192,vlft:process
2026-09-12T13:58:41.000-04:00,T1,T_Machine_Static,cycle_s,2.0,s,192,vlft:process
2026-09-12T13:58:41.000-04:00,T1,T_Machine_Static,busy,1,bool,192,vlft:process
2026-09-12T13:58:41.000-04:00,T1,T_Machine_Static,job_id,66,id,192,vlft:process
2026-09-12T13:58:42.000-04:00,T1,T_Machine_Static,cycle_s,2.0,s,192,vlft:process
2026-09-12T13:58:42.000-04:00,T1,T_Machine_Static,busy,0,bool,192,vlft:process
2026-09-12T13:58:42.000-04:00,T1,T_Machine_Static,job_id,66,id,192,vlft:process
2026-09-12T13:58:43.000-04:00,T1,T_Machine_Static,cycle_s,2.0,s,192,vlft:process
2026-09-12T13:58:43.000-04:00,T1,T_Machine_Static,busy,0,bool,192,vlft:process
2026-09-12T13:58:43.000-04:00,T1,T_Machine_Static,job_id,66,id,192,vlft:process
2026-09-12T13:58:44.000-04:00,T1,T_Machine_Static,cycle_s,2.0,s,192,vlft:process
2026-09-12T13:58:44.000-04:00,T1,T_Machine_Static,busy,0,bool,192,vlft:process
2026-09-12T13:58:44.000-04:00,T1,T_Machine_Static,job_id,66,id,192,vlft:process
2026-09-12T13:58:45.000-04:00,T1,T_Machine_Static,cycle_s,2.0,s,192,vlft:process
2026-09-12T13:58:45.000-04:00,T1,T_Machine_Static,busy,0,bool,192,vlft:process
2026-09-12T13:58:45.000-04:00,T1,T_Machine_Static,job_id,66,id,192,vlft:process
2026-09-12T13:58:46.000-04:00,T1,T_Machine_Static,cycle_s,2.0,s,192,vlft:process
2026-09-12T13:58:46.000-04:00,T1,T_Machine_Static,busy,0,bool,192,vlft:process
2026-09-12T13:58:46.000-04:00,T1,T_Machine_Static,job_id,66,id,192,vlft:process
2026-09-12T13:58:47.000-04:00,T1,T_Machine_Static,cycle_s,2.0,s,192,vlft:process
2026-09-12T13:58:47.000-04:00,T1,T_Machine_Static,busy,0,bool,192,vlft:process
2026-09-12T13:58:47.000-04:00,T1,T_Machine_Static,job_id,66,id,192,vlft:process
2026-09-12T13:58:48.000-04:00,T1,T_Machine_Static,cycle_s,2.0,s,192,vlft:process
2026-09-12T13:58:48.000-04:00,T1,T_Machine_Static,busy,1,bool,192,vlft:process
2026-09-12T13:58:48.000-04:00,T1,T_Machine_Static,job_id,67,id,192,vlft:process
2026-09-12T13:58:49.000-04:00,T1,T_Machine_Static,cycle_s,2.0,s,192,vlft:process
2026-09-12T13:58:49.000-04:00,T1,T_Machine_Static,busy,1,bool,192,vlft:process
2026-09-12T13:58:49.000-04:00,T1,T_Machine_Static,job_id,67,id,192,vlft:process
2026-09-12T13:58:50.000-04:00,T1,T_Machine_Static,cycle_s,2.0,s,192,vlft:process
2026-09-12T13:58:50.000-04:00,T1,T_Machine_Static,busy,0,bool,192,vlft:process
2026-09-12T13:58:50.000-04:00,T1,T_Machine_Static,job_id,67,id,192,vlft:process
2026-09-12T13:58:51.000-04:00,T1,T_Machine_Static,cycle_s,2.0,s,192,vlft:process
2026-09-12T13:58:51.000-04:00,T1,T_Machine_Static,busy,0,bool,192,vlft:process
2026-09-12T13:58:51.000-04:00,T1,T_Machine_Static,job_id,67,id,192,vlft:process
2026-09-12T13:58:52.000-04:00,T1,T_Machine_Static,cycle_s,2.0,s,192,vlft:process
2026-09-12T13:58:52.000-04:00,T1,T_Machine_Static,busy,0,bool,192,vlft:process
2026-09-12T13:58:52.000-04:00,T1,T_Machine_Static,job_id,67,id,192,vlft:process
2026-09-12T13:58:53.000-04:00,T1,T_Machine_Static,cycle_s,2.0,s,192,vlft:process
2026-09-12T13:58:53.000-04:00,T1,T_Machine_Static,busy,0,bool,192,vlft:process
2026-09-12T13:58:53.000-04:00,T1,T_Machine_Static,job_id,67,id,192,vlft:process
2026-09-12T13:58:54.000-04:00,T1,T_Machine_Static,cycle_s,2.0,s,192,vlft:process
2026-09-12T13:58:54.000-04:00,T1,T_Machine_Static,busy,0,bool,192,vlft:process
2026-09-12T13:58:54.000-04:00,T1,T_Machine_Static,job_id,67,id,192,vlft:process
2026-09-12T13:58:55.000-04:00,T1,T_Machine_Static,cycle_s,2.0,s,192,vlft:process
2026-09-12T13:58:55.000-04:00,T1,T_Machine_Static,busy,0,bool,192,vlft:process
2026-09-12T13:58:55.000-04:00,T1,T_Machine_Static,job_id,67,id,192,vlft:process
2026-09-12T13:58:56.000-04:00,T1,T_Machine_Static,cycle_s,2.0,s,192,vlft:process
2026-09-12T13:58:56.000-04:00,T1,T_Machine_Static,busy,1,bool,192,vlft:process
2026-09-12T13:58:56.000-04:00,T1,T_Machine_Static,job_id,68,id,192,vlft:process
2026-09-12T13:58:57.000-04:00,T1,T_Machine_Static,cycle_s,2.0,s,192,vlft:process
2026-09-12T13:58:57.000-04:00,T1,T_Machine_Static,busy,1,bool,192,vlft:process
2026-09-12T13:58:57.000-04:00,T1,T_Machine_Static,job_id,68,id,192,vlft:process
2026-09-12T13:58:58.000-04:00,T1,T_Machine_Static,cycle_s,2.0,s,192,vlft:process
2026-09-12T13:58:58.000-04:00,T1,T_Machine_Static,busy,0,bool,192,vlft:process
2026-09-12T13:58:58.000-04:00,T1,T_Machine_Static,job_id,68,id,192,vlft:process
2026-09-12T13:58:59.000-04:00,T1,T_Machine_Static,cycle_s,2.0,s,192,vlft:process
2026-09-12T13:58:59.000-04:00,T1,T_Machine_Static,busy,0,bool,192,vlft:process
2026-09-12T13:58:59.000-04:00,T1,T_Machine_Static,job_id,68,id,192,vlft:process
2026-09-12T13:59:00.000-04:00,T1,T_Machine_Static,cycle_s,2.0,s,192,vlft:process
2026-09-12T13:59:00.000-04:00,T1,T_Machine_Static,busy,0,bool,192,vlft:process
2026-09-12T13:59:00.000-04:00,T1,T_Machine_Static,job_id,68,id,192,vlft:process
2026-09-12T13:59:01.000-04:00,T1,T_Machine_Static,cycle_s,2.0,s,192,vlft:process
2026-09-12T13:59:01.000-04:00,T1,T_Machine_Static,busy,0,bool,192,vlft:process
2026-09-12T13:59:01.000-04:00,T1,T_Machine_Static,job_id,68,id,192,vlft:process
2026-09-12T13:59:02.000-04:00,T1,T_Machine_Static,cycle_s,2.0,s,192,vlft:process
2026-09-12T13:59:02.000-04:00,T1,T_Machine_Static,busy,0,bool,192,vlft:process
2026-09-12T13:59:02.000-04:00,T1,T_Machine_Static,job_id,68,id,192,vlft:process
2026-09-12T13:59:03.000-04:00,T1,T_Machine_Static,cycle_s,2.0,s,192,vlft:process
2026-09-12T13:59:03.000-04:00,T1,T_Machine_Static,busy,0,bool,192,vlft:process
2026-09-12T13:59:03.000-04:00,T1,T_Machine_Static,job_id,68,id,192,vlft:process
2026-09-12T13:59:04.000-04:00,T1,T_Machine_Static,cycle_s,2.0,s,192,vlft:process
2026-09-12T13:59:04.000-04:00,T1,T_Machine_Static,busy,1,bool,192,vlft:process
2026-09-12T13:59:04.000-04:00,T1,T_Machine_Static,job_id,69,id,192,vlft:process
2026-09-12T13:59:05.000-04:00,T1,T_Machine_Static,cycle_s,2.0,s,192,vlft:process
2026-09-12T13:59:05.000-04:00,T1,T_Machine_Static,busy,1,bool,192,vlft:process
2026-09-12T13:59:05.000-04:00,T1,T_Machine_Static,job_id,69,id,192,vlft:process
2026-09-12T13:59:06.000-04:00,T1,T_Machine_Static,cycle_s,2.0,s,192,vlft:process
2026-09-12T13:59:06.000-04:00,T1,T_Machine_Static,busy,0,bool,192,vlft:process
2026-09-12T13:59:06.000-04:00,T1,T_Machine_Static,job_id,69,id,192,vlft:process
2026-09-12T13:59:07.000-04:00,T1,T_Machine_Static,cycle_s,2.0,s,192,vlft:process
2026-09-12T13:59:07.000-04:00,T1,T_Machine_Static,busy,0,bool,192,vlft:process
2026-09-12T13:59:07.000-04:00,T1,T_Machine_Static,job_id,69,id,192,vlft:process
2026-09-12T13:59:08.000-04:00,T1,T_Machine_Static,cycle_s,2.0,s,192,vlft:process
2026-09-12T13:59:08.000-04:00,T1,T_Machine_Static,busy,0,bool,192,vlft:process
2026-09-12T13:59:08.000-04:00,T1,T_Machine_Static,job_id,69,id,192,vlft:process
2026-09-12T13:59:09.000-04:00,T1,T_Machine_Static,cycle_s,2.0,s,192,vlft:process
2026-09-12T13:59:09.000-04:00,T1,T_Machine_Static,busy,0,bool,192,vlft:process
2026-09-12T13:59:09.000-04:00,T1,T_Machine_Static,job_id,69,id,192,vlft:process
2026-09-12T13:59:10.000-04:00,T1,T_Machine_Static,cycle_s,2.0,s,192,vlft:process
2026-09-12T13:59:10.000-04:00,T1,T_Machine_Static,busy,0,bool,192,vlft:process
2026-09-12T13:59:10.000-04:00,T1,T_Machine_Static,job_id,69,id,192,vlft:process
2026-09-12T13:59:11.000-04:00,T1,T_Machine_Static,cycle_s,2.0,s,192,vlft:process
2026-09-12T13:59:11.000-04:00,T1,T_Machine_Static,busy,0,bool,192,vlft:process
2026-09-12T13:59:11.000-04:00,T1,T_Machine_Static,job_id,69,id,192,vlft:process
2026-09-12T13:59:12.000-04:00,T1,T_Machine_Static,cycle_s,2.0,s,192,vlft:process
2026-09-12T13:59:12.000-04:00,T1,T_Machine_Static,busy,1,bool,192,vlft:process
2026-09-12T13:59:12.000-04:00,T1,T_Machine_Static,job_id,70,id,192,vlft:process
2026-09-12T13:59:13.000-04:00,T1,T_Machine_Static,cycle_s,2.0,s,192,vlft:process
2026-09-12T13:59:13.000-04:00,T1,T_Machine_Static,busy,1,bool,192,vlft:process
2026-09-12T13:59:13.000-04:00,T1,T_Machine_Static,job_id,70,id,192,vlft:process
2026-09-12T13:59:14.000-04:00,T1,T_Machine_Static,cycle_s,2.0,s,192,vlft:process
2026-09-12T13:59:14.000-04:00,T1,T_Machine_Static,busy,0,bool,192,vlft:process
2026-09-12T13:59:14.000-04:00,T1,T_Machine_Static,job_id,70,id,192,vlft:process
2026-09-12T13:59:15.000-04:00,T1,T_Machine_Static,cycle_s,2.0,s,192,vlft:process
2026-09-12T13:59:15.000-04:00,T1,T_Machine_Static,busy,0,bool,192,vlft:process
2026-09-12T13:59:15.000-04:00,T1,T_Machine_Static,job_id,70,id,192,vlft:process
2026-09-12T13:59:16.000-04:00,T1,T_Machine_Static,cycle_s,2.0,s,192,vlft:process
2026-09-12T13:59:16.000-04:00,T1,T_Machine_Static,busy,0,bool,192,vlft:process
2026-09-12T13:59:16.000-04:00,T1,T_Machine_Static,job_id,70,id,192,vlft:process
2026-09-12T13:59:17.000-04:00,T1,T_Machine_Static,cycle_s,2.0,s,192,vlft:process
2026-09-12T13:59:17.000-04:00,T1,T_Machine_Static,busy,0,bool,192,vlft:process
2026-09-12T13:59:17.000-04:00,T1,T_Machine_Static,job_id,70,id,192,vlft:process
2026-09-12T13:59:18.000-04:00,T1,T_Machine_Static,cycle_s,2.0,s,192,vlft:process
2026-09-12T13:59:18.000-04:00,T1,T_Machine_Static,busy,0,bool,192,vlft:process
2026-09-12T13:59:18.000-04:00,T1,T_Machine_Static,job_id,70,id,192,vlft:process
2026-09-12T13:59:19.000-04:00,T1,T_Machine_Static,cycle_s,2.0,s,192,vlft:process
2026-09-12T13:59:19.000-04:00,T1,T_Machine_Static,busy,0,bool,192,vlft:process
2026-09-12T13:59:19.000-04:00,T1,T_Machine_Static,job_id,70,id,192,vlft:process
2026-09-12T13:59:20.000-04:00,T1,T_Machine_Static,cycle_s,2.0,s,192,vlft:process
2026-09-12T13:59:20.000-04:00,T1,T_Machine_Static,busy,1,bool,192,vlft:process
2026-09-12T13:59:20.000-04:00,T1,T_Machine_Static,job_id,71,id,192,vlft:process
2026-09-12T13:59:21.000-04:00,T1,T_Machine_Static,cycle_s,2.0,s,192,vlft:process
2026-09-12T13:59:21.000-04:00,T1,T_Machine_Static,busy,1,bool,192,vlft:process
2026-09-12T13:59:21.000-04:00,T1,T_Machine_Static,job_id,71,id,192,vlft:process
2026-09-12T13:59:22.000-04:00,T1,T_Machine_Static,cycle_s,2.0,s,192,vlft:process
2026-09-12T13:59:22.000-04:00,T1,T_Machine_Static,busy,0,bool,192,vlft:process
2026-09-12T13:59:22.000-04:00,T1,T_Machine_Static,job_id,71,id,192,vlft:process
2026-09-12T13:59:23.000-04:00,T1,T_Machine_Static,cycle_s,2.0,s,192,vlft:process
2026-09-12T13:59:23.000-04:00,T1,T_Machine_Static,busy,0,bool,192,vlft:process
2026-09-12T13:59:23.000-04:00,T1,T_Machine_Static,job_id,71,id,192,vlft:process
2026-09-12T13:59:24.000-04:00,T1,T_Machine_Static,cycle_s,2.0,s,192,vlft:process
2026-09-12T13:59:24.000-04:00,T1,T_Machine_Static,busy,0,bool,192,vlft:process
2026-09-12T13:59:24.000-04:00,T1,T_Machine_Static,job_id,71,id,192,vlft:process
2026-09-12T13:59:25.000-04:00,T1,T_Machine_Static,cycle_s,2.0,s,192,vlft:process
2026-09-12T13:59:25.000-04:00,T1,T_Machine_Static,busy,0,bool,192,vlft:process
2026-09-12T13:59:25.000-04:00,T1,T_Machine_Static,job_id,71,id,192,vlft:process
2026-09-12T13:59:26.000-04:00,T1,T_Machine_Static,cycle_s,2.0,s,192,vlft:process
2026-09-12T13:59:26.000-04:00,T1,T_Machine_Static,busy,0,bool,192,vlft:process
2026-09-12T13:59:26.000-04:00,T1,T_Machine_Static,job_id,71,id,192,vlft:process
2026-09-12T13:59:27.000-04:00,T1,T_Machine_Static,cycle_s,2.0,s,192,vlft:process
2026-09-12T13:59:27.000-04:00,T1,T_Machine_Static,busy,0,bool,192,vlft:process
2026-09-12T13:59:27.000-04:00,T1,T_Machine_Static,job_id,71,id,192,vlft:process
2026-09-12T13:59:28.000-04:00,T1,T_Machine_Static,cycle_s,2.0,s,192,vlft:process
2026-09-12T13:59:28.000-04:00,T1,T_Machine_Static,busy,1,bool,192,vlft:process
2026-09-12T13:59:28.000-04:00,T1,T_Machine_Static,job_id,72,id,192,vlft:process
2026-09-12T13:59:29.000-04:00,T1,T_Machine_Static,cycle_s,2.0,s,192,vlft:process
2026-09-12T13:59:29.000-04:00,T1,T_Machine_Static,busy,1,bool,192,vlft:process
2026-09-12T13:59:29.000-04:00,T1,T_Machine_Static,job_id,72,id,192,vlft:process
2026-09-12T13:59:30.000-04:00,T1,T_Machine_Static,cycle_s,2.0,s,192,vlft:process
2026-09-12T13:59:30.000-04:00,T1,T_Machine_Static,busy,0,bool,192,vlft:process
2026-09-12T13:59:30.000-04:00,T1,T_Machine_Static,job_id,72,id,192,vlft:process
2026-09-12T13:59:31.000-04:00,T1,T_Machine_Static,cycle_s,2.0,s,192,vlft:process
2026-09-12T13:59:31.000-04:00,T1,T_Machine_Static,busy,0,bool,192,vlft:process
2026-09-12T13:59:31.000-04:00,T1,T_Machine_Static,job_id,72,id,192,vlft:process
2026-09-12T13:59:32.000-04:00,T1,T_Machine_Static,cycle_s,2.0,s,192,vlft:process
2026-09-12T13:59:32.000-04:00,T1,T_Machine_Static,busy,0,bool,192,vlft:process
2026-09-12T13:59:32.000-04:00,T1,T_Machine_Static,job_id,72,id,192,vlft:process
2026-09-12T13:59:33.000-04:00,T1,T_Machine_Static,cycle_s,2.0,s,192,vlft:process
2026-09-12T13:59:33.000-04:00,T1,T_Machine_Static,busy,0,bool,192,vlft:process
2026-09-12T13:59:33.000-04:00,T1,T_Machine_Static,job_id,72,id,192,vlft:process
2026-09-12T13:59:34.000-04:00,T1,T_Machine_Static,cycle_s,2.0,s,192,vlft:process
2026-09-12T13:59:34.000-04:00,T1,T_Machine_Static,busy,0,bool,192,vlft:process
2026-09-12T13:59:34.000-04:00,T1,T_Machine_Static,job_id,72,id,192,vlft:process
2026-09-12T13:59:35.000-04:00,T1,T_Machine_Static,cycle_s,2.0,s,192,vlft:process
2026-09-12T13:59:35.000-04:00,T1,T_Machine_Static,busy,0,bool,192,vlft:process
2026-09-12T13:59:35.000-04:00,T1,T_Machine_Static,job_id,72,id,192,vlft:process
2026-09-12T13:59:36.000-04:00,T1,T_Machine_Static,cycle_s,2.0,s,192,vlft:process
2026-09-12T13:59:36.000-04:00,T1,T_Machine_Static,busy,1,bool,192,vlft:process
2026-09-12T13:59:36.000-04:00,T1,T_Machine_Static,job_id,73,id,192,vlft:process
2026-09-12T13:59:37.000-04:00,T1,T_Machine_Static,cycle_s,2.0,s,192,vlft:process
2026-09-12T13:59:37.000-04:00,T1,T_Machine_Static,busy,1,bool,192,vlft:process
2026-09-12T13:59:37.000-04:00,T1,T_Machine_Static,job_id,73,id,192,vlft:process
2026-09-12T13:59:38.000-04:00,T1,T_Machine_Static,cycle_s,2.0,s,192,vlft:process
2026-09-12T13:59:38.000-04:00,T1,T_Machine_Static,busy,0,bool,192,vlft:process
2026-09-12T13:59:38.000-04:00,T1,T_Machine_Static,job_id,73,id,192,vlft:process
2026-09-12T13:59:39.000-04:00,T1,T_Machine_Static,cycle_s,2.0,s,192,vlft:process
2026-09-12T13:59:39.000-04:00,T1,T_Machine_Static,busy,0,bool,192,vlft:process
2026-09-12T13:59:39.000-04:00,T1,T_Machine_Static,job_id,73,id,192,vlft:process
2026-09-12T13:59:40.000-04:00,T1,T_Machine_Static,cycle_s,2.0,s,192,vlft:process
2026-09-12T13:59:40.000-04:00,T1,T_Machine_Static,busy,0,bool,192,vlft:process
2026-09-12T13:59:40.000-04:00,T1,T_Machine_Static,job_id,73,id,192,vlft:process
2026-09-12T13:59:41.000-04:00,T1,T_Machine_Static,cycle_s,2.0,s,192,vlft:process
2026-09-12T13:59:41.000-04:00,T1,T_Machine_Static,busy,0,bool,192,vlft:process
2026-09-12T13:59:41.000-04:00,T1,T_Machine_Static,job_id,73,id,192,vlft:process
2026-09-12T13:59:42.000-04:00,T1,T_Machine_Static,cycle_s,2.0,s,192,vlft:process
2026-09-12T13:59:42.000-04:00,T1,T_Machine_Static,busy,0,bool,192,vlft:process
2026-09-12T13:59:42.000-04:00,T1,T_Machine_Static,job_id,73,id,192,vlft:process
2026-09-12T13:59:43.000-04:00,T1,T_Machine_Static,cycle_s,2.0,s,192,vlft:process
2026-09-12T13:59:43.000-04:00,T1,T_Machine_Static,busy,0,bool,192,vlft:process
2026-09-12T13:59:43.000-04:00,T1,T_Machine_Static,job_id,73,id,192,vlft:process
2026-09-12T13:59:44.000-04:00,T1,T_Machine_Static,cycle_s,2.0,s,192,vlft:process
2026-09-12T13:59:44.000-04:00,T1,T_Machine_Static,busy,1,bool,192,vlft:process
2026-09-12T13:59:44.000-04:00,T1,T_Machine_Static,job_id,74,id,192,vlft:process
2026-09-12T13:59:45.000-04:00,T1,T_Machine_Static,cycle_s,2.0,s,192,vlft:process
2026-09-12T13:59:45.000-04:00,T1,T_Machine_Static,busy,1,bool,192,vlft:process
2026-09-12T13:59:45.000-04:00,T1,T_Machine_Static,job_id,74,id,192,vlft:process
2026-09-12T13:59:46.000-04:00,T1,T_Machine_Static,cycle_s,2.0,s,192,vlft:process
2026-09-12T13:59:46.000-04:00,T1,T_Machine_Static,busy,0,bool,192,vlft:process
2026-09-12T13:59:46.000-04:00,T1,T_Machine_Static,job_id,74,id,192,vlft:process
2026-09-12T13:59:47.000-04:00,T1,T_Machine_Static,cycle_s,2.0,s,192,vlft:process
2026-09-12T13:59:47.000-04:00,T1,T_Machine_Static,busy,0,bool,192,vlft:process
2026-09-12T13:59:47.000-04:00,T1,T_Machine_Static,job_id,74,id,192,vlft:process
2026-09-12T13:59:48.000-04:00,T1,T_Machine_Static,cycle_s,2.0,s,192,vlft:process
2026-09-12T13:59:48.000-04:00,T1,T_Machine_Static,busy,0,bool,192,vlft:process
2026-09-12T13:59:48.000-04:00,T1,T_Machine_Static,job_id,74,id,192,vlft:process
2026-09-12T13:59:49.000-04:00,T1,T_Machine_Static,cycle_s,2.0,s,192,vlft:process
2026-09-12T13:59:49.000-04:00,T1,T_Machine_Static,busy,0,bool,192,vlft:process
2026-09-12T13:59:49.000-04:00,T1,T_Machine_Static,job_id,74,id,192,vlft:process
2026-09-12T13:59:50.000-04:00,T1,T_Machine_Static,cycle_s,2.0,s,192,vlft:process
2026-09-12T13:59:50.000-04:00,T1,T_Machine_Static,busy,0,bool,192,vlft:process
2026-09-12T13:59:50.000-04:00,T1,T_Machine_Static,job_id,74,id,192,vlft:process
2026-09-12T13:59:51.000-04:00,T1,T_Machine_Static,cycle_s,2.0,s,192,vlft:process
2026-09-12T13:59:51.000-04:00,T1,T_Machine_Static,busy,0,bool,192,vlft:process
2026-09-12T13:59:51.000-04:00,T1,T_Machine_Static,job_id,74,id,192,vlft:process
2026-09-12T13:59:52.000-04:00,T1,T_Machine_Static,cycle_s,2.0,s,192,vlft:process
2026-09-12T13:59:52.000-04:00,T1,T_Machine_Static,busy,1,bool,192,vlft:process
2026-09-12T13:59:52.000-04:00,T1,T_Machine_Static,job_id,75,id,192,vlft:process
2026-09-12T13:59:53.000-04:00,T1,T_Machine_Static,cycle_s,2.0,s,192,vlft:process
2026-09-12T13:59:53.000-04:00,T1,T_Machine_Static,busy,1,bool,192,vlft:process
2026-09-12T13:59:53.000-04:00,T1,T_Machine_Static,job_id,75,id,192,vlft:process
2026-09-12T13:59:54.000-04:00,T1,T_Machine_Static,cycle_s,2.0,s,192,vlft:process
2026-09-12T13:59:54.000-04:00,T1,T_Machine_Static,busy,0,bool,192,vlft:process
2026-09-12T13:59:54.000-04:00,T1,T_Machine_Static,job_id,75,id,192,vlft:process
2026-09-12T13:59:55.000-04:00,T1,T_Machine_Static,cycle_s,2.0,s,192,vlft:process
2026-09-12T13:59:55.000-04:00,T1,T_Machine_Static,busy,0,bool,192,vlft:process
2026-09-12T13:59:55.000-04:00,T1,T_Machine_Static,job_id,75,id,192,vlft:process
2026-09-12T13:59:56.000-04:00,T1,T_Machine_Static,cycle_s,2.0,s,192,vlft:process
2026-09-12T13:59:56.000-04:00,T1,T_Machine_Static,busy,0,bool,192,vlft:process
2026-09-12T13:59:56.000-04:00,T1,T_Machine_Static,job_id,75,id,192,vlft:process
2026-09-12T13:59:57.000-04:00,T1,T_Machine_Static,cycle_s,2.0,s,192,vlft:process
2026-09-12T13:59:57.000-04:00,T1,T_Machine_Static,busy,0,bool,192,vlft:process
2026-09-12T13:59:57.000-04:00,T1,T_Machine_Static,job_id,75,id,192,vlft:process
2026-09-12T13:59:58.000-04:00,T1,T_Machine_Static,cycle_s,2.0,s,192,vlft:process
2026-09-12T13:59:58.000-04:00,T1,T_Machine_Static,busy,0,bool,192,vlft:process
2026-09-12T13:59:58.000-04:00,T1,T_Machine_Static,job_id,75,id,192,vlft:process
2026-09-12T13:59:59.000-04:00,T1,T_Machine_Static,cycle_s,2.0,s,192,vlft:process
2026-09-12T13:59:59.000-04:00,T1,T_Machine_Static,busy,0,bool,192,vlft:process
2026-09-12T13:59:59.000-04:00,T1,T_Machine_Static,job_id,75,id,192,vlft:process
2026-09-12T14:00:00.000-04:00,T1,T_Machine_Static,cycle_s,2.0,s,192,vlft:process
2026-09-12T14:00:00.000-04:00,T1,T_Machine_Static,busy,1,bool,192,vlft:process
2026-09-12T14:00:00.000-04:00,T1,T_Machine_Static,job_id,76,id,192,vlft:process
2026-09-12T14:00:01.000-04:00,T1,T_Machine_Static,cycle_s,2.0,s,192,vlft:process
2026-09-12T14:00:01.000-04:00,T1,T_Machine_Static,busy,1,bool,192,vlft:process
2026-09-12T14:00:01.000-04:00,T1,T_Machine_Static,job_id,76,id,192,vlft:process
2026-09-12T14:00:02.000-04:00,T1,T_Machine_Static,cycle_s,2.0,s,192,vlft:process
2026-09-12T14:00:02.000-04:00,T1,T_Machine_Static,busy,0,bool,192,vlft:process
2026-09-12T14:00:02.000-04:00,T1,T_Machine_Static,job_id,76,id,192,vlft:process
2026-09-12T14:00:03.000-04:00,T1,T_Machine_Static,cycle_s,2.0,s,192,vlft:process
2026-09-12T14:00:03.000-04:00,T1,T_Machine_Static,busy,0,bool,192,vlft:process
2026-09-12T14:00:03.000-04:00,T1,T_Machine_Static,job_id,76,id,192,vlft:process
2026-09-12T14:00:04.000-04:00,T1,T_Machine_Static,cycle_s,2.0,s,192,vlft:process
2026-09-12T14:00:04.000-04:00,T1,T_Machine_Static,busy,0,bool,192,vlft:process
2026-09-12T14:00:04.000-04:00,T1,T_Machine_Static,job_id,76,id,192,vlft:process
2026-09-12T14:00:05.000-04:00,T1,T_Machine_Static,cycle_s,2.0,s,192,vlft:process
2026-09-12T14:00:05.000-04:00,T1,T_Machine_Static,busy,0,bool,192,vlft:process
2026-09-12T14:00:05.000-04:00,T1,T_Machine_Static,job_id,76,id,192,vlft:process
2026-09-12T14:00:06.000-04:00,T1,T_Machine_Static,cycle_s,2.0,s,192,vlft:process
2026-09-12T14:00:06.000-04:00,T1,T_Machine_Static,busy,0,bool,192,vlft:process
2026-09-12T14:00:06.000-04:00,T1,T_Machine_Static,job_id,76,id,192,vlft:process
2026-09-12T14:00:07.000-04:00,T1,T_Machine_Static,cycle_s,2.0,s,192,vlft:process
2026-09-12T14:00:07.000-04:00,T1,T_Machine_Static,busy,0,bool,192,vlft:process
2026-09-12T14:00:07.000-04:00,T1,T_Machine_Static,job_id,76,id,192,vlft:process
2026-09-12T14:00:08.000-04:00,T1,T_Machine_Static,cycle_s,2.0,s,192,vlft:process
2026-09-12T14:00:08.000-04:00,T1,T_Machine_Static,busy,1,bool,192,vlft:process
2026-09-12T14:00:08.000-04:00,T1,T_Machine_Static,job_id,77,id,192,vlft:process
2026-09-12T14:00:09.000-04:00,T1,T_Machine_Static,cycle_s,2.0,s,192,vlft:process
2026-09-12T14:00:09.000-04:00,T1,T_Machine_Static,busy,1,bool,192,vlft:process
2026-09-12T14:00:09.000-04:00,T1,T_Machine_Static,job_id,77,id,192,vlft:process
2026-09-12T14:00:10.000-04:00,T1,T_Machine_Static,cycle_s,2.0,s,192,vlft:process
2026-09-12T14:00:10.000-04:00,T1,T_Machine_Static,busy,0,bool,192,vlft:process
2026-09-12T14:00:10.000-04:00,T1,T_Machine_Static,job_id,77,id,192,vlft:process
2026-09-12T14:00:11.000-04:00,T1,T_Machine_Static,cycle_s,2.0,s,192,vlft:process
2026-09-12T14:00:11.000-04:00,T1,T_Machine_Static,busy,0,bool,192,vlft:process
2026-09-12T14:00:11.000-04:00,T1,T_Machine_Static,job_id,77,id,192,vlft:process
2026-09-12T14:00:12.000-04:00,T1,T_Machine_Static,cycle_s,2.0,s,192,vlft:process
2026-09-12T14:00:12.000-04:00,T1,T_Machine_Static,busy,0,bool,192,vlft:process
2026-09-12T14:00:12.000-04:00,T1,T_Machine_Static,job_id,77,id,192,vlft:process
2026-09-12T14:00:13.000-04:00,T1,T_Machine_Static,cycle_s,2.0,s,192,vlft:process
2026-09-12T14:00:13.000-04:00,T1,T_Machine_Static,busy,0,bool,192,vlft:process
2026-09-12T14:00:13.000-04:00,T1,T_Machine_Static,job_id,77,id,192,vlft:process
2026-09-12T14:00:14.000-04:00,T1,T_Machine_Static,cycle_s,2.0,s,192,vlft:process
2026-09-12T14:00:14.000-04:00,T1,T_Machine_Static,busy,0,bool,192,vlft:process
2026-09-12T14:00:14.000-04:00,T1,T_Machine_Static,job_id,77,id,192,vlft:process
2026-09-12T14:00:15.000-04:00,T1,T_Machine_Static,cycle_s,2.0,s,192,vlft:process
2026-09-12T14:00:15.000-04:00,T1,T_Machine_Static,busy,0,bool,192,vlft:process
2026-09-12T14:00:15.000-04:00,T1,T_Machine_Static,job_id,77,id,192,vlft:process
2026-09-12T14:00:16.000-04:00,T1,T_Machine_Static,cycle_s,2.0,s,192,vlft:process
2026-09-12T14:00:16.000-04:00,T1,T_Machine_Static,busy,1,bool,192,vlft:process
2026-09-12T14:00:16.000-04:00,T1,T_Machine_Static,job_id,78,id,192,vlft:process
2026-09-12T14:00:17.000-04:00,T1,T_Machine_Static,cycle_s,2.0,s,192,vlft:process
2026-09-12T14:00:17.000-04:00,T1,T_Machine_Static,busy,1,bool,192,vlft:process
2026-09-12T14:00:17.000-04:00,T1,T_Machine_Static,job_id,78,id,192,vlft:process
2026-09-12T14:00:18.000-04:00,T1,T_Machine_Static,cycle_s,2.0,s,192,vlft:process
2026-09-12T14:00:18.000-04:00,T1,T_Machine_Static,busy,0,bool,192,vlft:process
2026-09-12T14:00:18.000-04:00,T1,T_Machine_Static,job_id,78,id,192,vlft:process
2026-09-12T14:00:19.000-04:00,T1,T_Machine_Static,cycle_s,2.0,s,192,vlft:process
2026-09-12T14:00:19.000-04:00,T1,T_Machine_Static,busy,0,bool,192,vlft:process
2026-09-12T14:00:19.000-04:00,T1,T_Machine_Static,job_id,78,id,192,vlft:process
2026-09-12T14:00:20.000-04:00,T1,T_Machine_Static,cycle_s,2.0,s,192,vlft:process
2026-09-12T14:00:20.000-04:00,T1,T_Machine_Static,busy,0,bool,192,vlft:process
2026-09-12T14:00:20.000-04:00,T1,T_Machine_Static,job_id,78,id,192,vlft:process
2026-09-12T14:00:21.000-04:00,T1,T_Machine_Static,cycle_s,2.0,s,192,vlft:process
2026-09-12T14:00:21.000-04:00,T1,T_Machine_Static,busy,0,bool,192,vlft:process
2026-09-12T14:00:21.000-04:00,T1,T_Machine_Static,job_id,78,id,192,vlft:process
2026-09-12T14:00:22.000-04:00,T1,T_Machine_Static,cycle_s,2.0,s,192,vlft:process
2026-09-12T14:00:22.000-04:00,T1,T_Machine_Static,busy,0,bool,192,vlft:process
2026-09-12T14:00:22.000-04:00,T1,T_Machine_Static,job_id,78,id,192,vlft:process
2026-09-12T14:00:23.000-04:00,T1,T_Machine_Static,cycle_s,2.0,s,192,vlft:process
2026-09-12T14:00:23.000-04:00,T1,T_Machine_Static,busy,0,bool,192,vlft:process
2026-09-12T14:00:23.000-04:00,T1,T_Machine_Static,job_id,78,id,192,vlft:process
2026-09-12T14:00:24.000-04:00,T1,T_Machine_Static,cycle_s,2.0,s,192,vlft:process
2026-09-12T14:00:24.000-04:00,T1,T_Machine_Static,busy,1,bool,192,vlft:process
2026-09-12T14:00:24.000-04:00,T1,T_Machine_Static,job_id,79,id,192,vlft:process
2026-09-12T14:00:25.000-04:00,T1,T_Machine_Static,cycle_s,2.0,s,192,vlft:process
2026-09-12T14:00:25.000-04:00,T1,T_Machine_Static,busy,1,bool,192,vlft:process
2026-09-12T14:00:25.000-04:00,T1,T_Machine_Static,job_id,79,id,192,vlft:process
2026-09-12T14:00:26.000-04:00,T1,T_Machine_Static,cycle_s,2.0,s,192,vlft:process
2026-09-12T14:00:26.000-04:00,T1,T_Machine_Static,busy,0,bool,192,vlft:process
2026-09-12T14:00:26.000-04:00,T1,T_Machine_Static,job_id,79,id,192,vlft:process
2026-09-12T14:00:27.000-04:00,T1,T_Machine_Static,cycle_s,2.0,s,192,vlft:process
2026-09-12T14:00:27.000-04:00,T1,T_Machine_Static,busy,0,bool,192,vlft:process
2026-09-12T14:00:27.000-04:00,T1,T_Machine_Static,job_id,79,id,192,vlft:process
2026-09-12T14:00:28.000-04:00,T1,T_Machine_Static,cycle_s,2.0,s,192,vlft:process
2026-09-12T14:00:28.000-04:00,T1,T_Machine_Static,busy,0,bool,192,vlft:process
2026-09-12T14:00:28.000-04:00,T1,T_Machine_Static,job_id,79,id,192,vlft:process
2026-09-12T14:00:29.000-04:00,T1,T_Machine_Static,cycle_s,2.0,s,192,vlft:process
2026-09-12T14:00:29.000-04:00,T1,T_Machine_Static,busy,0,bool,192,vlft:process
2026-09-12T14:00:29.000-04:00,T1,T_Machine_Static,job_id,79,id,192,vlft:process
2026-09-12T14:00:30.000-04:00,T1,T_Machine_Static,cycle_s,2.0,s,192,vlft:process
2026-09-12T14:00:30.000-04:00,T1,T_Machine_Static,busy,0,bool,192,vlft:process
2026-09-12T14:00:30.000-04:00,T1,T_Machine_Static,job_id,79,id,192,vlft:process
2026-09-12T14:00:31.000-04:00,T1,T_Machine_Static,cycle_s,2.0,s,192,vlft:process
2026-09-12T14:00:31.000-04:00,T1,T_Machine_Static,busy,0,bool,192,vlft:process
2026-09-12T14:00:31.000-04:00,T1,T_Machine_Static,job_id,79,id,192,vlft:process
2026-09-12T14:00:32.000-04:00,T1,T_Machine_Static,cycle_s,2.0,s,192,vlft:process
2026-09-12T14:00:32.000-04:00,T1,T_Machine_Static,busy,1,bool,192,vlft:process
2026-09-12T14:00:32.000-04:00,T1,T_Machine_Static,job_id,80,id,192,vlft:process
2026-09-12T14:00:33.000-04:00,T1,T_Machine_Static,cycle_s,2.0,s,192,vlft:process
2026-09-12T14:00:33.000-04:00,T1,T_Machine_Static,busy,1,bool,192,vlft:process
2026-09-12T14:00:33.000-04:00,T1,T_Machine_Static,job_id,80,id,192,vlft:process
2026-09-12T14:00:34.000-04:00,T1,T_Machine_Static,cycle_s,2.0,s,192,vlft:process
2026-09-12T14:00:34.000-04:00,T1,T_Machine_Static,busy,0,bool,192,vlft:process
2026-09-12T14:00:34.000-04:00,T1,T_Machine_Static,job_id,80,id,192,vlft:process
2026-09-12T14:00:35.000-04:00,T1,T_Machine_Static,cycle_s,2.0,s,192,vlft:process
2026-09-12T14:00:35.000-04:00,T1,T_Machine_Static,busy,0,bool,192,vlft:process
2026-09-12T14:00:35.000-04:00,T1,T_Machine_Static,job_id,80,id,192,vlft:process
2026-09-12T14:00:36.000-04:00,T1,T_Machine_Static,cycle_s,2.0,s,192,vlft:process
2026-09-12T14:00:36.000-04:00,T1,T_Machine_Static,busy,0,bool,192,vlft:process
2026-09-12T14:00:36.000-04:00,T1,T_Machine_Static,job_id,80,id,192,vlft:process
2026-09-12T14:00:37.000-04:00,T1,T_Machine_Static,cycle_s,2.0,s,192,vlft:process
2026-09-12T14:00:37.000-04:00,T1,T_Machine_Static,busy,0,bool,192,vlft:process
2026-09-12T14:00:37.000-04:00,T1,T_Machine_Static,job_id,80,id,192,vlft:process
2026-09-12T14:00:38.000-04:00,T1,T_Machine_Static,cycle_s,2.0,s,192,vlft:process
2026-09-12T14:00:38.000-04:00,T1,T_Machine_Static,busy,0,bool,192,vlft:process
2026-09-12T14:00:38.000-04:00,T1,T_Machine_Static,job_id,80,id,192,vlft:process
2026-09-12T14:00:39.000-04:00,T1,T_Machine_Static,cycle_s,2.0,s,192,vlft:process
2026-09-12T14:00:39.000-04:00,T1,T_Machine_Static,busy,0,bool,192,vlft:process
2026-09-12T14:00:39.000-04:00,T1,T_Machine_Static,job_id,80,id,192,vlft:process
2026-09-12T14:00:40.000-04:00,T1,T_Machine_Static,cycle_s,2.0,s,192,vlft:process
2026-09-12T14:00:40.000-04:00,T1,T_Machine_Static,busy,1,bool,192,vlft:process
2026-09-12T14:00:40.000-04:00,T1,T_Machine_Static,job_id,81,id,192,vlft:process
2026-09-12T14:00:41.000-04:00,T1,T_Machine_Static,cycle_s,2.0,s,192,vlft:process
2026-09-12T14:00:41.000-04:00,T1,T_Machine_Static,busy,1,bool,192,vlft:process
2026-09-12T14:00:41.000-04:00,T1,T_Machine_Static,job_id,81,id,192,vlft:process
2026-09-12T14:00:42.000-04:00,T1,T_Machine_Static,cycle_s,2.0,s,192,vlft:process
2026-09-12T14:00:42.000-04:00,T1,T_Machine_Static,busy,0,bool,192,vlft:process
2026-09-12T14:00:42.000-04:00,T1,T_Machine_Static,job_id,81,id,192,vlft:process
2026-09-12T14:00:43.000-04:00,T1,T_Machine_Static,cycle_s,2.0,s,192,vlft:process
2026-09-12T14:00:43.000-04:00,T1,T_Machine_Static,busy,0,bool,192,vlft:process
2026-09-12T14:00:43.000-04:00,T1,T_Machine_Static,job_id,81,id,192,vlft:process
2026-09-12T14:00:44.000-04:00,T1,T_Machine_Static,cycle_s,2.0,s,192,vlft:process
2026-09-12T14:00:44.000-04:00,T1,T_Machine_Static,busy,0,bool,192,vlft:process
2026-09-12T14:00:44.000-04:00,T1,T_Machine_Static,job_id,81,id,192,vlft:process
2026-09-12T14:00:45.000-04:00,T1,T_Machine_Static,cycle_s,2.0,s,192,vlft:process
2026-09-12T14:00:45.000-04:00,T1,T_Machine_Static,busy,0,bool,192,vlft:process
2026-09-12T14:00:45.000-04:00,T1,T_Machine_Static,job_id,81,id,192,vlft:process
2026-09-12T14:00:46.000-04:00,T1,T_Machine_Static,cycle_s,2.0,s,192,vlft:process
2026-09-12T14:00:46.000-04:00,T1,T_Machine_Static,busy,0,bool,192,vlft:process
2026-09-12T14:00:46.000-04:00,T1,T_Machine_Static,job_id,81,id,192,vlft:process
2026-09-12T14:00:47.000-04:00,T1,T_Machine_Static,cycle_s,2.0,s,192,vlft:process
2026-09-12T14:00:47.000-04:00,T1,T_Machine_Static,busy,0,bool,192,vlft:process
2026-09-12T14:00:47.000-04:00,T1,T_Machine_Static,job_id,81,id,192,vlft:process
2026-09-12T14:00:48.000-04:00,T1,T_Machine_Static,cycle_s,2.0,s,192,vlft:process
2026-09-12T14:00:48.000-04:00,T1,T_Machine_Static,busy,1,bool,192,vlft:process
2026-09-12T14:00:48.000-04:00,T1,T_Machine_Static,job_id,82,id,192,vlft:process
2026-09-12T14:00:49.000-04:00,T1,T_Machine_Static,cycle_s,2.0,s,192,vlft:process
2026-09-12T14:00:49.000-04:00,T1,T_Machine_Static,busy,1,bool,192,vlft:process
2026-09-12T14:00:49.000-04:00,T1,T_Machine_Static,job_id,82,id,192,vlft:process
2026-09-12T14:00:50.000-04:00,T1,T_Machine_Static,cycle_s,2.0,s,192,vlft:process
2026-09-12T14:00:50.000-04:00,T1,T_Machine_Static,busy,0,bool,192,vlft:process
2026-09-12T14:00:50.000-04:00,T1,T_Machine_Static,job_id,82,id,192,vlft:process
2026-09-12T14:00:51.000-04:00,T1,T_Machine_Static,cycle_s,2.0,s,192,vlft:process
2026-09-12T14:00:51.000-04:00,T1,T_Machine_Static,busy,0,bool,192,vlft:process
2026-09-12T14:00:51.000-04:00,T1,T_Machine_Static,job_id,82,id,192,vlft:process
2026-09-12T14:00:52.000-04:00,T1,T_Machine_Static,cycle_s,2.0,s,192,vlft:process
2026-09-12T14:00:52.000-04:00,T1,T_Machine_Static,busy,0,bool,192,vlft:process
2026-09-12T14:00:52.000-04:00,T1,T_Machine_Static,job_id,82,id,192,vlft:process
2026-09-12T14:00:53.000-04:00,T1,T_Machine_Static,cycle_s,2.0,s,192,vlft:process
2026-09-12T14:00:53.000-04:00,T1,T_Machine_Static,busy,0,bool,192,vlft:process
2026-09-12T14:00:53.000-04:00,T1,T_Machine_Static,job_id,82,id,192,vlft:process
2026-09-12T14:00:54.000-04:00,T1,T_Machine_Static,cycle_s,2.0,s,192,vlft:process
2026-09-12T14:00:54.000-04:00,T1,T_Machine_Static,busy,0,bool,192,vlft:process
2026-09-12T14:00:54.000-04:00,T1,T_Machine_Static,job_id,82,id,192,vlft:process
2026-09-12T14:00:55.000-04:00,T1,T_Machine_Static,cycle_s,2.0,s,192,vlft:process
2026-09-12T14:00:55.000-04:00,T1,T_Machine_Static,busy,0,bool,192,vlft:process
2026-09-12T14:00:55.000-04:00,T1,T_Machine_Static,job_id,82,id,192,vlft:process
2026-09-12T14:00:56.000-04:00,T1,T_Machine_Static,cycle_s,2.0,s,192,vlft:process
2026-09-12T14:00:56.000-04:00,T1,T_Machine_Static,busy,1,bool,192,vlft:process
2026-09-12T14:00:56.000-04:00,T1,T_Machine_Static,job_id,83,id,192,vlft:process
2026-09-12T14:00:57.000-04:00,T1,T_Machine_Static,cycle_s,2.0,s,192,vlft:process
2026-09-12T14:00:57.000-04:00,T1,T_Machine_Static,busy,1,bool,192,vlft:process
2026-09-12T14:00:57.000-04:00,T1,T_Machine_Static,job_id,83,id,192,vlft:process
2026-09-12T14:00:58.000-04:00,T1,T_Machine_Static,cycle_s,2.0,s,192,vlft:process
2026-09-12T14:00:58.000-04:00,T1,T_Machine_Static,busy,0,bool,192,vlft:process
2026-09-12T14:00:58.000-04:00,T1,T_Machine_Static,job_id,83,id,192,vlft:process
2026-09-12T14:00:59.000-04:00,T1,T_Machine_Static,cycle_s,2.0,s,192,vlft:process
2026-09-12T14:00:59.000-04:00,T1,T_Machine_Static,busy,0,bool,192,vlft:process
2026-09-12T14:00:59.000-04:00,T1,T_Machine_Static,job_id,83,id,192,vlft:process
2026-09-12T14:01:00.000-04:00,T1,T_Machine_Static,cycle_s,2.0,s,192,vlft:process
2026-09-12T14:01:00.000-04:00,T1,T_Machine_Static,busy,0,bool,192,vlft:process
2026-09-12T14:01:00.000-04:00,T1,T_Machine_Static,job_id,83,id,192,vlft:process
2026-09-12T14:01:01.000-04:00,T1,T_Machine_Static,cycle_s,2.0,s,192,vlft:process
2026-09-12T14:01:01.000-04:00,T1,T_Machine_Static,busy,0,bool,192,vlft:process
2026-09-12T14:01:01.000-04:00,T1,T_Machine_Static,job_id,83,id,192,vlft:process
2026-09-12T14:01:02.000-04:00,T1,T_Machine_Static,cycle_s,2.0,s,192,vlft:process
2026-09-12T14:01:02.000-04:00,T1,T_Machine_Static,busy,0,bool,192,vlft:process
2026-09-12T14:01:02.000-04:00,T1,T_Machine_Static,job_id,83,id,192,vlft:process
2026-09-12T14:01:03.000-04:00,T1,T_Machine_Static,cycle_s,2.0,s,192,vlft:process
2026-09-12T14:01:03.000-04:00,T1,T_Machine_Static,busy,0,bool,192,vlft:process
2026-09-12T14:01:03.000-04:00,T1,T_Machine_Static,job_id,83,id,192,vlft:process
2026-09-12T14:01:04.000-04:00,T1,T_Machine_Static,cycle_s,2.0,s,192,vlft:process
2026-09-12T14:01:04.000-04:00,T1,T_Machine_Static,busy,1,bool,192,vlft:process
2026-09-12T14:01:04.000-04:00,T1,T_Machine_Static,job_id,84,id,192,vlft:process
2026-09-12T14:01:05.000-04:00,T1,T_Machine_Static,cycle_s,2.0,s,192,vlft:process
2026-09-12T14:01:05.000-04:00,T1,T_Machine_Static,busy,1,bool,192,vlft:process
2026-09-12T14:01:05.000-04:00,T1,T_Machine_Static,job_id,84,id,192,vlft:process
2026-09-12T14:01:06.000-04:00,T1,T_Machine_Static,cycle_s,2.0,s,192,vlft:process
2026-09-12T14:01:06.000-04:00,T1,T_Machine_Static,busy,0,bool,192,vlft:process
2026-09-12T14:01:06.000-04:00,T1,T_Machine_Static,job_id,84,id,192,vlft:process
2026-09-12T14:01:07.000-04:00,T1,T_Machine_Static,cycle_s,2.0,s,192,vlft:process
2026-09-12T14:01:07.000-04:00,T1,T_Machine_Static,busy,0,bool,192,vlft:process
2026-09-12T14:01:07.000-04:00,T1,T_Machine_Static,job_id,84,id,192,vlft:process
2026-09-12T14:01:08.000-04:00,T1,T_Machine_Static,cycle_s,2.0,s,192,vlft:process
2026-09-12T14:01:08.000-04:00,T1,T_Machine_Static,busy,0,bool,192,vlft:process
2026-09-12T14:01:08.000-04:00,T1,T_Machine_Static,job_id,84,id,192,vlft:process
2026-09-12T14:01:09.000-04:00,T1,T_Machine_Static,cycle_s,2.0,s,192,vlft:process
2026-09-12T14:01:09.000-04:00,T1,T_Machine_Static,busy,0,bool,192,vlft:process
2026-09-12T14:01:09.000-04:00,T1,T_Machine_Static,job_id,84,id,192,vlft:process
2026-09-12T14:01:10.000-04:00,T1,T_Machine_Static,cycle_s,2.0,s,192,vlft:process
2026-09-12T14:01:10.000-04:00,T1,T_Machine_Static,busy,0,bool,192,vlft:process
2026-09-12T14:01:10.000-04:00,T1,T_Machine_Static,job_id,84,id,192,vlft:process
2026-09-12T14:01:11.000-04:00,T1,T_Machine_Static,cycle_s,2.0,s,192,vlft:process
2026-09-12T14:01:11.000-04:00,T1,T_Machine_Static,busy,0,bool,192,vlft:process
2026-09-12T14:01:11.000-04:00,T1,T_Machine_Static,job_id,84,id,192,vlft:process
2026-09-12T14:01:12.000-04:00,T1,T_Machine_Static,cycle_s,2.0,s,192,vlft:process
2026-09-12T14:01:12.000-04:00,T1,T_Machine_Static,busy,1,bool,192,vlft:process
2026-09-12T14:01:12.000-04:00,T1,T_Machine_Static,job_id,85,id,192,vlft:process
2026-09-12T14:01:13.000-04:00,T1,T_Machine_Static,cycle_s,2.0,s,192,vlft:process
2026-09-12T14:01:13.000-04:00,T1,T_Machine_Static,busy,1,bool,192,vlft:process
2026-09-12T14:01:13.000-04:00,T1,T_Machine_Static,job_id,85,id,192,vlft:process
2026-09-12T14:01:14.000-04:00,T1,T_Machine_Static,cycle_s,2.0,s,192,vlft:process
2026-09-12T14:01:14.000-04:00,T1,T_Machine_Static,busy,0,bool,192,vlft:process
2026-09-12T14:01:14.000-04:00,T1,T_Machine_Static,job_id,85,id,192,vlft:process
2026-09-12T14:01:15.000-04:00,T1,T_Machine_Static,cycle_s,2.0,s,192,vlft:process
2026-09-12T14:01:15.000-04:00,T1,T_Machine_Static,busy,0,bool,192,vlft:process
2026-09-12T14:01:15.000-04:00,T1,T_Machine_Static,job_id,85,id,192,vlft:process
2026-09-12T14:01:16.000-04:00,T1,T_Machine_Static,cycle_s,2.0,s,192,vlft:process
2026-09-12T14:01:16.000-04:00,T1,T_Machine_Static,busy,0,bool,192,vlft:process
2026-09-12T14:01:16.000-04:00,T1,T_Machine_Static,job_id,85,id,192,vlft:process
2026-09-12T14:01:17.000-04:00,T1,T_Machine_Static,cycle_s,2.0,s,192,vlft:process
2026-09-12T14:01:17.000-04:00,T1,T_Machine_Static,busy,0,bool,192,vlft:process
2026-09-12T14:01:17.000-04:00,T1,T_Machine_Static,job_id,85,id,192,vlft:process
2026-09-12T14:01:18.000-04:00,T1,T_Machine_Static,cycle_s,2.0,s,192,vlft:process
2026-09-12T14:01:18.000-04:00,T1,T_Machine_Static,busy,0,bool,192,vlft:process
2026-09-12T14:01:18.000-04:00,T1,T_Machine_Static,job_id,85,id,192,vlft:process
2026-09-12T14:01:19.000-04:00,T1,T_Machine_Static,cycle_s,2.0,s,192,vlft:process
2026-09-12T14:01:19.000-04:00,T1,T_Machine_Static,busy,0,bool,192,vlft:process
2026-09-12T14:01:19.000-04:00,T1,T_Machine_Static,job_id,85,id,192,vlft:process
2026-09-12T14:01:20.000-04:00,T1,T_Machine_Static,cycle_s,2.0,s,192,vlft:process
2026-09-12T14:01:20.000-04:00,T1,T_Machine_Static,busy,1,bool,192,vlft:process
2026-09-12T14:01:20.000-04:00,T1,T_Machine_Static,job_id,86,id,192,vlft:process
2026-09-12T14:01:21.000-04:00,T1,T_Machine_Static,cycle_s,2.0,s,192,vlft:process
2026-09-12T14:01:21.000-04:00,T1,T_Machine_Static,busy,1,bool,192,vlft:process
2026-09-12T14:01:21.000-04:00,T1,T_Machine_Static,job_id,86,id,192,vlft:process
2026-09-12T14:01:22.000-04:00,T1,T_Machine_Static,cycle_s,2.0,s,192,vlft:process
2026-09-12T14:01:22.000-04:00,T1,T_Machine_Static,busy,0,bool,192,vlft:process
2026-09-12T14:01:22.000-04:00,T1,T_Machine_Static,job_id,86,id,192,vlft:process
2026-09-12T14:01:23.000-04:00,T1,T_Machine_Static,cycle_s,2.0,s,192,vlft:process
2026-09-12T14:01:23.000-04:00,T1,T_Machine_Static,busy,0,bool,192,vlft:process
2026-09-12T14:01:23.000-04:00,T1,T_Machine_Static,job_id,86,id,192,vlft:process
2026-09-12T14:01:24.000-04:00,T1,T_Machine_Static,cycle_s,2.0,s,192,vlft:process
2026-09-12T14:01:24.000-04:00,T1,T_Machine_Static,busy,0,bool,192,vlft:process
2026-09-12T14:01:24.000-04:00,T1,T_Machine_Static,job_id,86,id,192,vlft:process
2026-09-12T14:01:25.000-04:00,T1,T_Machine_Static,cycle_s,2.0,s,192,vlft:process
2026-09-12T14:01:25.000-04:00,T1,T_Machine_Static,busy,0,bool,192,vlft:process
2026-09-12T14:01:25.000-04:00,T1,T_Machine_Static,job_id,86,id,192,vlft:process
2026-09-12T14:01:26.000-04:00,T1,T_Machine_Static,cycle_s,2.0,s,192,vlft:process
2026-09-12T14:01:26.000-04:00,T1,T_Machine_Static,busy,0,bool,192,vlft:process
2026-09-12T14:01:26.000-04:00,T1,T_Machine_Static,job_id,86,id,192,vlft:process
2026-09-12T14:01:27.000-04:00,T1,T_Machine_Static,cycle_s,2.0,s,192,vlft:process
2026-09-12T14:01:27.000-04:00,T1,T_Machine_Static,busy,0,bool,192,vlft:process
2026-09-12T14:01:27.000-04:00,T1,T_Machine_Static,job_id,86,id,192,vlft:process
2026-09-12T14:01:28.000-04:00,T1,T_Machine_Static,cycle_s,2.0,s,192,vlft:process
2026-09-12T14:01:28.000-04:00,T1,T_Machine_Static,busy,1,bool,192,vlft:process
2026-09-12T14:01:28.000-04:00,T1,T_Machine_Static,job_id,87,id,192,vlft:process
2026-09-12T14:01:29.000-04:00,T1,T_Machine_Static,cycle_s,2.0,s,192,vlft:process
2026-09-12T14:01:29.000-04:00,T1,T_Machine_Static,busy,1,bool,192,vlft:process
2026-09-12T14:01:29.000-04:00,T1,T_Machine_Static,job_id,87,id,192,vlft:process
2026-09-12T14:01:30.000-04:00,T1,T_Machine_Static,cycle_s,2.0,s,192,vlft:process
2026-09-12T14:01:30.000-04:00,T1,T_Machine_Static,busy,0,bool,192,vlft:process
2026-09-12T14:01:30.000-04:00,T1,T_Machine_Static,job_id,87,id,192,vlft:process
2026-09-12T14:01:31.000-04:00,T1,T_Machine_Static,cycle_s,2.0,s,192,vlft:process
2026-09-12T14:01:31.000-04:00,T1,T_Machine_Static,busy,0,bool,192,vlft:process
2026-09-12T14:01:31.000-04:00,T1,T_Machine_Static,job_id,87,id,192,vlft:process
2026-09-12T14:01:32.000-04:00,T1,T_Machine_Static,cycle_s,2.0,s,192,vlft:process
2026-09-12T14:01:32.000-04:00,T1,T_Machine_Static,busy,0,bool,192,vlft:process
2026-09-12T14:01:32.000-04:00,T1,T_Machine_Static,job_id,87,id,192,vlft:process
2026-09-12T14:01:33.000-04:00,T1,T_Machine_Static,cycle_s,2.0,s,192,vlft:process
2026-09-12T14:01:33.000-04:00,T1,T_Machine_Static,busy,0,bool,192,vlft:process
2026-09-12T14:01:33.000-04:00,T1,T_Machine_Static,job_id,87,id,192,vlft:process
2026-09-12T14:01:34.000-04:00,T1,T_Machine_Static,cycle_s,2.0,s,192,vlft:process
2026-09-12T14:01:34.000-04:00,T1,T_Machine_Static,busy,0,bool,192,vlft:process
2026-09-12T14:01:34.000-04:00,T1,T_Machine_Static,job_id,87,id,192,vlft:process
2026-09-12T14:01:35.000-04:00,T1,T_Machine_Static,cycle_s,2.0,s,192,vlft:process
2026-09-12T14:01:35.000-04:00,T1,T_Machine_Static,busy,0,bool,192,vlft:process
2026-09-12T14:01:35.000-04:00,T1,T_Machine_Static,job_id,87,id,192,vlft:process
2026-09-12T14:01:36.000-04:00,T1,T_Machine_Static,cycle_s,2.0,s,192,vlft:process
2026-09-12T14:01:36.000-04:00,T1,T_Machine_Static,busy,1,bool,192,vlft:process
2026-09-12T14:01:36.000-04:00,T1,T_Machine_Static,job_id,88,id,192,vlft:process
2026-09-12T14:01:37.000-04:00,T1,T_Machine_Static,cycle_s,2.0,s,192,vlft:process
2026-09-12T14:01:37.000-04:00,T1,T_Machine_Static,busy,1,bool,192,vlft:process
2026-09-12T14:01:37.000-04:00,T1,T_Machine_Static,job_id,88,id,192,vlft:process
2026-09-12T14:01:38.000-04:00,T1,T_Machine_Static,cycle_s,2.0,s,192,vlft:process
2026-09-12T14:01:38.000-04:00,T1,T_Machine_Static,busy,0,bool,192,vlft:process
2026-09-12T14:01:38.000-04:00,T1,T_Machine_Static,job_id,88,id,192,vlft:process
2026-09-12T14:01:39.000-04:00,T1,T_Machine_Static,cycle_s,2.0,s,192,vlft:process
2026-09-12T14:01:39.000-04:00,T1,T_Machine_Static,busy,0,bool,192,vlft:process
2026-09-12T14:01:39.000-04:00,T1,T_Machine_Static,job_id,88,id,192,vlft:process
2026-09-12T14:01:40.000-04:00,T1,T_Machine_Static,cycle_s,2.0,s,192,vlft:process
2026-09-12T14:01:40.000-04:00,T1,T_Machine_Static,busy,0,bool,192,vlft:process
2026-09-12T14:01:40.000-04:00,T1,T_Machine_Static,job_id,88,id,192,vlft:process
2026-09-12T14:01:41.000-04:00,T1,T_Machine_Static,cycle_s,2.0,s,192,vlft:process
2026-09-12T14:01:41.000-04:00,T1,T_Machine_Static,busy,0,bool,192,vlft:process
2026-09-12T14:01:41.000-04:00,T1,T_Machine_Static,job_id,88,id,192,vlft:process
2026-09-12T14:01:42.000-04:00,T1,T_Machine_Static,cycle_s,2.0,s,192,vlft:process
2026-09-12T14:01:42.000-04:00,T1,T_Machine_Static,busy,0,bool,192,vlft:process
2026-09-12T14:01:42.000-04:00,T1,T_Machine_Static,job_id,88,id,192,vlft:process
2026-09-12T14:01:43.000-04:00,T1,T_Machine_Static,cycle_s,2.0,s,192,vlft:process
2026-09-12T14:01:43.000-04:00,T1,T_Machine_Static,busy,0,bool,192,vlft:process
2026-09-12T14:01:43.000-04:00,T1,T_Machine_Static,job_id,88,id,192,vlft:process
2026-09-12T14:01:44.000-04:00,T1,T_Machine_Static,cycle_s,2.0,s,192,vlft:process
2026-09-12T14:01:44.000-04:00,T1,T_Machine_Static,busy,1,bool,192,vlft:process
2026-09-12T14:01:44.000-04:00,T1,T_Machine_Static,job_id,89,id,192,vlft:process
2026-09-12T14:01:45.000-04:00,T1,T_Machine_Static,cycle_s,2.0,s,192,vlft:process
2026-09-12T14:01:45.000-04:00,T1,T_Machine_Static,busy,1,bool,192,vlft:process
2026-09-12T14:01:45.000-04:00,T1,T_Machine_Static,job_id,89,id,192,vlft:process
2026-09-12T14:01:46.000-04:00,T1,T_Machine_Static,cycle_s,2.0,s,192,vlft:process
2026-09-12T14:01:46.000-04:00,T1,T_Machine_Static,busy,0,bool,192,vlft:process
2026-09-12T14:01:46.000-04:00,T1,T_Machine_Static,job_id,89,id,192,vlft:process
2026-09-12T14:01:47.000-04:00,T1,T_Machine_Static,cycle_s,2.0,s,192,vlft:process
2026-09-12T14:01:47.000-04:00,T1,T_Machine_Static,busy,0,bool,192,vlft:process
2026-09-12T14:01:47.000-04:00,T1,T_Machine_Static,job_id,89,id,192,vlft:process
2026-09-12T14:01:48.000-04:00,T1,T_Machine_Static,cycle_s,2.0,s,192,vlft:process
2026-09-12T14:01:48.000-04:00,T1,T_Machine_Static,busy,0,bool,192,vlft:process
2026-09-12T14:01:48.000-04:00,T1,T_Machine_Static,job_id,89,id,192,vlft:process
2026-09-12T14:01:49.000-04:00,T1,T_Machine_Static,cycle_s,2.0,s,192,vlft:process
2026-09-12T14:01:49.000-04:00,T1,T_Machine_Static,busy,0,bool,192,vlft:process
2026-09-12T14:01:49.000-04:00,T1,T_Machine_Static,job_id,89,id,192,vlft:process
2026-09-12T14:01:50.000-04:00,T1,T_Machine_Static,cycle_s,2.0,s,192,vlft:process
2026-09-12T14:01:50.000-04:00,T1,T_Machine_Static,busy,0,bool,192,vlft:process
2026-09-12T14:01:50.000-04:00,T1,T_Machine_Static,job_id,89,id,192,vlft:process
2026-09-12T14:01:51.000-04:00,T1,T_Machine_Static,cycle_s,2.0,s,192,vlft:process
2026-09-12T14:01:51.000-04:00,T1,T_Machine_Static,busy,0,bool,192,vlft:process
2026-09-12T14:01:51.000-04:00,T1,T_Machine_Static,job_id,89,id,192,vlft:process
2026-09-12T14:01:52.000-04:00,T1,T_Machine_Static,cycle_s,2.0,s,192,vlft:process
2026-09-12T14:01:52.000-04:00,T1,T_Machine_Static,busy,1,bool,192,vlft:process
2026-09-12T14:01:52.000-04:00,T1,T_Machine_Static,job_id,90,id,192,vlft:process
2026-09-12T14:01:53.000-04:00,T1,T_Machine_Static,cycle_s,2.0,s,192,vlft:process
2026-09-12T14:01:53.000-04:00,T1,T_Machine_Static,busy,1,bool,192,vlft:process
2026-09-12T14:01:53.000-04:00,T1,T_Machine_Static,job_id,90,id,192,vlft:process
2026-09-12T14:01:54.000-04:00,T1,T_Machine_Static,cycle_s,2.0,s,192,vlft:process
2026-09-12T14:01:54.000-04:00,T1,T_Machine_Static,busy,0,bool,192,vlft:process
2026-09-12T14:01:54.000-04:00,T1,T_Machine_Static,job_id,90,id,192,vlft:process
2026-09-12T14:01:55.000-04:00,T1,T_Machine_Static,cycle_s,2.0,s,192,vlft:process
2026-09-12T14:01:55.000-04:00,T1,T_Machine_Static,busy,0,bool,192,vlft:process
2026-09-12T14:01:55.000-04:00,T1,T_Machine_Static,job_id,90,id,192,vlft:process
2026-09-12T14:01:56.000-04:00,T1,T_Machine_Static,cycle_s,2.0,s,192,vlft:process
2026-09-12T14:01:56.000-04:00,T1,T_Machine_Static,busy,0,bool,192,vlft:process
2026-09-12T14:01:56.000-04:00,T1,T_Machine_Static,job_id,90,id,192,vlft:process
2026-09-12T14:01:57.000-04:00,T1,T_Machine_Static,cycle_s,2.0,s,192,vlft:process
2026-09-12T14:01:57.000-04:00,T1,T_Machine_Static,busy,0,bool,192,vlft:process
2026-09-12T14:01:57.000-04:00,T1,T_Machine_Static,job_id,90,id,192,vlft:process
2026-09-12T14:01:58.000-04:00,T1,T_Machine_Static,cycle_s,2.0,s,192,vlft:process
2026-09-12T14:01:58.000-04:00,T1,T_Machine_Static,busy,0,bool,192,vlft:process
2026-09-12T14:01:58.000-04:00,T1,T_Machine_Static,job_id,90,id,192,vlft:process
2026-09-12T14:01:59.000-04:00,T1,T_Machine_Static,cycle_s,2.0,s,192,vlft:process
2026-09-12T14:01:59.000-04:00,T1,T_Machine_Static,busy,0,bool,192,vlft:process
2026-09-12T14:01:59.000-04:00,T1,T_Machine_Static,job_id,90,id,192,vlft:process
2026-09-12T14:02:00.000-04:00,T1,T_Machine_Static,cycle_s,2.0,s,192,vlft:process
2026-09-12T14:02:00.000-04:00,T1,T_Machine_Static,busy,1,bool,192,vlft:process
2026-09-12T14:02:00.000-04:00,T1,T_Machine_Static,job_id,91,id,192,vlft:process
2026-09-12T14:02:01.000-04:00,T1,T_Machine_Static,cycle_s,2.0,s,192,vlft:process
2026-09-12T14:02:01.000-04:00,T1,T_Machine_Static,busy,1,bool,192,vlft:process
2026-09-12T14:02:01.000-04:00,T1,T_Machine_Static,job_id,91,id,192,vlft:process
2026-09-12T14:02:02.000-04:00,T1,T_Machine_Static,cycle_s,2.0,s,192,vlft:process
2026-09-12T14:02:02.000-04:00,T1,T_Machine_Static,busy,0,bool,192,vlft:process
2026-09-12T14:02:02.000-04:00,T1,T_Machine_Static,job_id,91,id,192,vlft:process
2026-09-12T14:02:03.000-04:00,T1,T_Machine_Static,cycle_s,2.0,s,192,vlft:process
2026-09-12T14:02:03.000-04:00,T1,T_Machine_Static,busy,0,bool,192,vlft:process
2026-09-12T14:02:03.000-04:00,T1,T_Machine_Static,job_id,91,id,192,vlft:process
2026-09-12T14:02:04.000-04:00,T1,T_Machine_Static,cycle_s,2.0,s,192,vlft:process
2026-09-12T14:02:04.000-04:00,T1,T_Machine_Static,busy,0,bool,192,vlft:process
2026-09-12T14:02:04.000-04:00,T1,T_Machine_Static,job_id,91,id,192,vlft:process
2026-09-12T14:02:05.000-04:00,T1,T_Machine_Static,cycle_s,2.0,s,192,vlft:process
2026-09-12T14:02:05.000-04:00,T1,T_Machine_Static,busy,0,bool,192,vlft:process
2026-09-12T14:02:05.000-04:00,T1,T_Machine_Static,job_id,91,id,192,vlft:process
2026-09-12T14:02:06.000-04:00,T1,T_Machine_Static,cycle_s,2.0,s,192,vlft:process
2026-09-12T14:02:06.000-04:00,T1,T_Machine_Static,busy,0,bool,192,vlft:process
2026-09-12T14:02:06.000-04:00,T1,T_Machine_Static,job_id,91,id,192,vlft:process
2026-09-12T14:02:07.000-04:00,T1,T_Machine_Static,cycle_s,2.0,s,192,vlft:process
2026-09-12T14:02:07.000-04:00,T1,T_Machine_Static,busy,0,bool,192,vlft:process
2026-09-12T14:02:07.000-04:00,T1,T_Machine_Static,job_id,91,id,192,vlft:process
2026-09-12T14:02:08.000-04:00,T1,T_Machine_Static,cycle_s,2.0,s,192,vlft:process
2026-09-12T14:02:08.000-04:00,T1,T_Machine_Static,busy,1,bool,192,vlft:process
2026-09-12T14:02:08.000-04:00,T1,T_Machine_Static,job_id,92,id,192,vlft:process
2026-09-12T14:02:09.000-04:00,T1,T_Machine_Static,cycle_s,2.0,s,192,vlft:process
2026-09-12T14:02:09.000-04:00,T1,T_Machine_Static,busy,1,bool,192,vlft:process
2026-09-12T14:02:09.000-04:00,T1,T_Machine_Static,job_id,92,id,192,vlft:process
2026-09-12T14:02:10.000-04:00,T1,T_Machine_Static,cycle_s,2.0,s,192,vlft:process
2026-09-12T14:02:10.000-04:00,T1,T_Machine_Static,busy,0,bool,192,vlft:process
2026-09-12T14:02:10.000-04:00,T1,T_Machine_Static,job_id,92,id,192,vlft:process
2026-09-12T14:02:11.000-04:00,T1,T_Machine_Static,cycle_s,2.0,s,192,vlft:process
2026-09-12T14:02:11.000-04:00,T1,T_Machine_Static,busy,0,bool,192,vlft:process
2026-09-12T14:02:11.000-04:00,T1,T_Machine_Static,job_id,92,id,192,vlft:process
2026-09-12T14:02:12.000-04:00,T1,T_Machine_Static,cycle_s,2.0,s,192,vlft:process
2026-09-12T14:02:12.000-04:00,T1,T_Machine_Static,busy,0,bool,192,vlft:process
2026-09-12T14:02:12.000-04:00,T1,T_Machine_Static,job_id,92,id,192,vlft:process
2026-09-12T14:02:13.000-04:00,T1,T_Machine_Static,cycle_s,2.0,s,192,vlft:process
2026-09-12T14:02:13.000-04:00,T1,T_Machine_Static,busy,0,bool,192,vlft:process
2026-09-12T14:02:13.000-04:00,T1,T_Machine_Static,job_id,92,id,192,vlft:process
2026-09-12T14:02:14.000-04:00,T1,T_Machine_Static,cycle_s,2.0,s,192,vlft:process
2026-09-12T14:02:14.000-04:00,T1,T_Machine_Static,busy,0,bool,192,vlft:process
2026-09-12T14:02:14.000-04:00,T1,T_Machine_Static,job_id,92,id,192,vlft:process
2026-09-12T14:02:15.000-04:00,T1,T_Machine_Static,cycle_s,2.0,s,192,vlft:process
2026-09-12T14:02:15.000-04:00,T1,T_Machine_Static,busy,0,bool,192,vlft:process
2026-09-12T14:02:15.000-04:00,T1,T_Machine_Static,job_id,92,id,192,vlft:process
2026-09-12T14:02:16.000-04:00,T1,T_Machine_Static,cycle_s,2.0,s,192,vlft:process
2026-09-12T14:02:16.000-04:00,T1,T_Machine_Static,busy,1,bool,192,vlft:process
2026-09-12T14:02:16.000-04:00,T1,T_Machine_Static,job_id,93,id,192,vlft:process
2026-09-12T14:02:17.000-04:00,T1,T_Machine_Static,cycle_s,2.0,s,192,vlft:process
2026-09-12T14:02:17.000-04:00,T1,T_Machine_Static,busy,1,bool,192,vlft:process
2026-09-12T14:02:17.000-04:00,T1,T_Machine_Static,job_id,93,id,192,vlft:process
2026-09-12T14:02:18.000-04:00,T1,T_Machine_Static,cycle_s,2.0,s,192,vlft:process
2026-09-12T14:02:18.000-04:00,T1,T_Machine_Static,busy,0,bool,192,vlft:process
2026-09-12T14:02:18.000-04:00,T1,T_Machine_Static,job_id,93,id,192,vlft:process
2026-09-12T14:02:19.000-04:00,T1,T_Machine_Static,cycle_s,2.0,s,192,vlft:process
2026-09-12T14:02:19.000-04:00,T1,T_Machine_Static,busy,0,bool,192,vlft:process
2026-09-12T14:02:19.000-04:00,T1,T_Machine_Static,job_id,93,id,192,vlft:process
2026-09-12T14:02:20.000-04:00,T1,T_Machine_Static,cycle_s,2.0,s,192,vlft:process
2026-09-12T14:02:20.000-04:00,T1,T_Machine_Static,busy,0,bool,192,vlft:process
2026-09-12T14:02:20.000-04:00,T1,T_Machine_Static,job_id,93,id,192,vlft:process
2026-09-12T14:02:21.000-04:00,T1,T_Machine_Static,cycle_s,2.0,s,192,vlft:process
2026-09-12T14:02:21.000-04:00,T1,T_Machine_Static,busy,0,bool,192,vlft:process
2026-09-12T14:02:21.000-04:00,T1,T_Machine_Static,job_id,93,id,192,vlft:process
2026-09-12T14:02:22.000-04:00,T1,T_Machine_Static,cycle_s,2.0,s,192,vlft:process
2026-09-12T14:02:22.000-04:00,T1,T_Machine_Static,busy,0,bool,192,vlft:process
2026-09-12T14:02:22.000-04:00,T1,T_Machine_Static,job_id,93,id,192,vlft:process
2026-09-12T14:02:23.000-04:00,T1,T_Machine_Static,cycle_s,2.0,s,192,vlft:process
2026-09-12T14:02:23.000-04:00,T1,T_Machine_Static,busy,0,bool,192,vlft:process
2026-09-12T14:02:23.000-04:00,T1,T_Machine_Static,job_id,93,id,192,vlft:process
2026-09-12T14:02:24.000-04:00,T1,T_Machine_Static,cycle_s,2.0,s,192,vlft:process
2026-09-12T14:02:24.000-04:00,T1,T_Machine_Static,busy,1,bool,192,vlft:process
2026-09-12T14:02:24.000-04:00,T1,T_Machine_Static,job_id,94,id,192,vlft:process
2026-09-12T14:02:25.000-04:00,T1,T_Machine_Static,cycle_s,2.0,s,192,vlft:process
2026-09-12T14:02:25.000-04:00,T1,T_Machine_Static,busy,1,bool,192,vlft:process
2026-09-12T14:02:25.000-04:00,T1,T_Machine_Static,job_id,94,id,192,vlft:process
2026-09-12T14:02:26.000-04:00,T1,T_Machine_Static,cycle_s,2.0,s,192,vlft:process
2026-09-12T14:02:26.000-04:00,T1,T_Machine_Static,busy,0,bool,192,vlft:process
2026-09-12T14:02:26.000-04:00,T1,T_Machine_Static,job_id,94,id,192,vlft:process
2026-09-12T14:02:27.000-04:00,T1,T_Machine_Static,cycle_s,2.0,s,192,vlft:process
2026-09-12T14:02:27.000-04:00,T1,T_Machine_Static,busy,0,bool,192,vlft:process
2026-09-12T14:02:27.000-04:00,T1,T_Machine_Static,job_id,94,id,192,vlft:process
2026-09-12T14:02:28.000-04:00,T1,T_Machine_Static,cycle_s,2.0,s,192,vlft:process
2026-09-12T14:02:28.000-04:00,T1,T_Machine_Static,busy,0,bool,192,vlft:process
2026-09-12T14:02:28.000-04:00,T1,T_Machine_Static,job_id,94,id,192,vlft:process
2026-09-12T14:02:29.000-04:00,T1,T_Machine_Static,cycle_s,2.0,s,192,vlft:process
2026-09-12T14:02:29.000-04:00,T1,T_Machine_Static,busy,0,bool,192,vlft:process
2026-09-12T14:02:29.000-04:00,T1,T_Machine_Static,job_id,94,id,192,vlft:process
2026-09-12T14:02:30.000-04:00,T1,T_Machine_Static,cycle_s,2.0,s,192,vlft:process
2026-09-12T14:02:30.000-04:00,T1,T_Machine_Static,busy,0,bool,192,vlft:process
2026-09-12T14:02:30.000-04:00,T1,T_Machine_Static,job_id,94,id,192,vlft:process
2026-09-12T14:02:31.000-04:00,T1,T_Machine_Static,cycle_s,2.0,s,192,vlft:process
2026-09-12T14:02:31.000-04:00,T1,T_Machine_Static,busy,0,bool,192,vlft:process
2026-09-12T14:02:31.000-04:00,T1,T_Machine_Static,job_id,94,id,192,vlft:process
2026-09-12T14:02:32.000-04:00,T1,T_Machine_Static,cycle_s,2.0,s,192,vlft:process
2026-09-12T14:02:32.000-04:00,T1,T_Machine_Static,busy,1,bool,192,vlft:process
2026-09-12T14:02:32.000-04:00,T1,T_Machine_Static,job_id,95,id,192,vlft:process
2026-09-12T14:02:33.000-04:00,T1,T_Machine_Static,cycle_s,2.0,s,192,vlft:process
2026-09-12T14:02:33.000-04:00,T1,T_Machine_Static,busy,1,bool,192,vlft:process
2026-09-12T14:02:33.000-04:00,T1,T_Machine_Static,job_id,95,id,192,vlft:process
2026-09-12T14:02:34.000-04:00,T1,T_Machine_Static,cycle_s,2.0,s,192,vlft:process
2026-09-12T14:02:34.000-04:00,T1,T_Machine_Static,busy,0,bool,192,vlft:process
2026-09-12T14:02:34.000-04:00,T1,T_Machine_Static,job_id,95,id,192,vlft:process
2026-09-12T14:02:35.000-04:00,T1,T_Machine_Static,cycle_s,2.0,s,192,vlft:process
2026-09-12T14:02:35.000-04:00,T1,T_Machine_Static,busy,0,bool,192,vlft:process
2026-09-12T14:02:35.000-04:00,T1,T_Machine_Static,job_id,95,id,192,vlft:process
2026-09-12T14:02:36.000-04:00,T1,T_Machine_Static,cycle_s,2.0,s,192,vlft:process
2026-09-12T14:02:36.000-04:00,T1,T_Machine_Static,busy,0,bool,192,vlft:process
2026-09-12T14:02:36.000-04:00,T1,T_Machine_Static,job_id,95,id,192,vlft:process
2026-09-12T14:02:37.000-04:00,T1,T_Machine_Static,cycle_s,2.0,s,192,vlft:process
2026-09-12T14:02:37.000-04:00,T1,T_Machine_Static,busy,0,bool,192,vlft:process
2026-09-12T14:02:37.000-04:00,T1,T_Machine_Static,job_id,95,id,192,vlft:process
2026-09-12T14:02:38.000-04:00,T1,T_Machine_Static,cycle_s,2.0,s,192,vlft:process
2026-09-12T14:02:38.000-04:00,T1,T_Machine_Static,busy,0,bool,192,vlft:process
2026-09-12T14:02:38.000-04:00,T1,T_Machine_Static,job_id,95,id,192,vlft:process
2026-09-12T14:02:39.000-04:00,T1,T_Machine_Static,cycle_s,2.0,s,192,vlft:process
2026-09-12T14:02:39.000-04:00,T1,T_Machine_Static,busy,0,bool,192,vlft:process
2026-09-12T14:02:39.000-04:00,T1,T_Machine_Static,job_id,95,id,192,vlft:process
2026-09-12T14:02:40.000-04:00,T1,T_Machine_Static,cycle_s,2.0,s,192,vlft:process
2026-09-12T14:02:40.000-04:00,T1,T_Machine_Static,busy,1,bool,192,vlft:process
2026-09-12T14:02:40.000-04:00,T1,T_Machine_Static,job_id,96,id,192,vlft:process
2026-09-12T14:02:41.000-04:00,T1,T_Machine_Static,cycle_s,2.0,s,192,vlft:process
2026-09-12T14:02:41.000-04:00,T1,T_Machine_Static,busy,1,bool,192,vlft:process
2026-09-12T14:02:41.000-04:00,T1,T_Machine_Static,job_id,96,id,192,vlft:process
2026-09-12T14:02:42.000-04:00,T1,T_Machine_Static,cycle_s,2.0,s,192,vlft:process
2026-09-12T14:02:42.000-04:00,T1,T_Machine_Static,busy,0,bool,192,vlft:process
2026-09-12T14:02:42.000-04:00,T1,T_Machine_Static,job_id,96,id,192,vlft:process
2026-09-12T14:02:43.000-04:00,T1,T_Machine_Static,cycle_s,2.0,s,192,vlft:process
2026-09-12T14:02:43.000-04:00,T1,T_Machine_Static,busy,0,bool,192,vlft:process
2026-09-12T14:02:43.000-04:00,T1,T_Machine_Static,job_id,96,id,192,vlft:process
2026-09-12T14:02:44.000-04:00,T1,T_Machine_Static,cycle_s,2.0,s,192,vlft:process
2026-09-12T14:02:44.000-04:00,T1,T_Machine_Static,busy,0,bool,192,vlft:process
2026-09-12T14:02:44.000-04:00,T1,T_Machine_Static,job_id,96,id,192,vlft:process
2026-09-12T14:02:45.000-04:00,T1,T_Machine_Static,cycle_s,2.0,s,192,vlft:process
2026-09-12T14:02:45.000-04:00,T1,T_Machine_Static,busy,0,bool,192,vlft:process
2026-09-12T14:02:45.000-04:00,T1,T_Machine_Static,job_id,96,id,192,vlft:process
2026-09-12T14:02:46.000-04:00,T1,T_Machine_Static,cycle_s,2.0,s,192,vlft:process
2026-09-12T14:02:46.000-04:00,T1,T_Machine_Static,busy,0,bool,192,vlft:process
2026-09-12T14:02:46.000-04:00,T1,T_Machine_Static,job_id,96,id,192,vlft:process
2026-09-12T14:02:47.000-04:00,T1,T_Machine_Static,cycle_s,2.0,s,192,vlft:process
2026-09-12T14:02:47.000-04:00,T1,T_Machine_Static,busy,0,bool,192,vlft:process
2026-09-12T14:02:47.000-04:00,T1,T_Machine_Static,job_id,96,id,192,vlft:process
2026-09-12T14:02:48.000-04:00,T1,T_Machine_Static,cycle_s,2.0,s,192,vlft:process
2026-09-12T14:02:48.000-04:00,T1,T_Machine_Static,busy,1,bool,192,vlft:process
2026-09-12T14:02:48.000-04:00,T1,T_Machine_Static,job_id,97,id,192,vlft:process
2026-09-12T14:02:49.000-04:00,T1,T_Machine_Static,cycle_s,2.0,s,192,vlft:process
2026-09-12T14:02:49.000-04:00,T1,T_Machine_Static,busy,1,bool,192,vlft:process
2026-09-12T14:02:49.000-04:00,T1,T_Machine_Static,job_id,97,id,192,vlft:process
2026-09-12T14:02:50.000-04:00,T1,T_Machine_Static,cycle_s,2.0,s,192,vlft:process
2026-09-12T14:02:50.000-04:00,T1,T_Machine_Static,busy,0,bool,192,vlft:process
2026-09-12T14:02:50.000-04:00,T1,T_Machine_Static,job_id,97,id,192,vlft:process
2026-09-12T14:02:51.000-04:00,T1,T_Machine_Static,cycle_s,2.0,s,192,vlft:process
2026-09-12T14:02:51.000-04:00,T1,T_Machine_Static,busy,0,bool,192,vlft:process
2026-09-12T14:02:51.000-04:00,T1,T_Machine_Static,job_id,97,id,192,vlft:process
2026-09-12T14:02:52.000-04:00,T1,T_Machine_Static,cycle_s,2.0,s,192,vlft:process
2026-09-12T14:02:52.000-04:00,T1,T_Machine_Static,busy,0,bool,192,vlft:process
2026-09-12T14:02:52.000-04:00,T1,T_Machine_Static,job_id,97,id,192,vlft:process
2026-09-12T14:02:53.000-04:00,T1,T_Machine_Static,cycle_s,2.0,s,192,vlft:process
2026-09-12T14:02:53.000-04:00,T1,T_Machine_Static,busy,0,bool,192,vlft:process
2026-09-12T14:02:53.000-04:00,T1,T_Machine_Static,job_id,97,id,192,vlft:process
2026-09-12T14:02:54.000-04:00,T1,T_Machine_Static,cycle_s,2.0,s,192,vlft:process
2026-09-12T14:02:54.000-04:00,T1,T_Machine_Static,busy,0,bool,192,vlft:process
2026-09-12T14:02:54.000-04:00,T1,T_Machine_Static,job_id,97,id,192,vlft:process
2026-09-12T14:02:55.000-04:00,T1,T_Machine_Static,cycle_s,2.0,s,192,vlft:process
2026-09-12T14:02:55.000-04:00,T1,T_Machine_Static,busy,0,bool,192,vlft:process
2026-09-12T14:02:55.000-04:00,T1,T_Machine_Static,job_id,97,id,192,vlft:process
2026-09-12T14:02:56.000-04:00,T1,T_Machine_Static,cycle_s,2.0,s,192,vlft:process
2026-09-12T14:02:56.000-04:00,T1,T_Machine_Static,busy,1,bool,192,vlft:process
2026-09-12T14:02:56.000-04:00,T1,T_Machine_Static,job_id,98,id,192,vlft:process
2026-09-12T14:02:57.000-04:00,T1,T_Machine_Static,cycle_s,2.0,s,192,vlft:process
2026-09-12T14:02:57.000-04:00,T1,T_Machine_Static,busy,1,bool,192,vlft:process
2026-09-12T14:02:57.000-04:00,T1,T_Machine_Static,job_id,98,id,192,vlft:process
2026-09-12T14:02:58.000-04:00,T1,T_Machine_Static,cycle_s,2.0,s,192,vlft:process
2026-09-12T14:02:58.000-04:00,T1,T_Machine_Static,busy,0,bool,192,vlft:process
2026-09-12T14:02:58.000-04:00,T1,T_Machine_Static,job_id,98,id,192,vlft:process
2026-09-12T14:02:59.000-04:00,T1,T_Machine_Static,cycle_s,2.0,s,192,vlft:process
2026-09-12T14:02:59.000-04:00,T1,T_Machine_Static,busy,0,bool,192,vlft:process
2026-09-12T14:02:59.000-04:00,T1,T_Machine_Static,job_id,98,id,192,vlft:process
2026-09-12T14:03:00.000-04:00,T1,T_Machine_Static,cycle_s,2.0,s,192,vlft:process
2026-09-12T14:03:00.000-04:00,T1,T_Machine_Static,busy,0,bool,192,vlft:process
2026-09-12T14:03:00.000-04:00,T1,T_Machine_Static,job_id,98,id,192,vlft:process
2026-09-12T14:03:01.000-04:00,T1,T_Machine_Static,cycle_s,2.0,s,192,vlft:process
2026-09-12T14:03:01.000-04:00,T1,T_Machine_Static,busy,0,bool,192,vlft:process
2026-09-12T14:03:01.000-04:00,T1,T_Machine_Static,job_id,98,id,192,vlft:process
2026-09-12T14:03:02.000-04:00,T1,T_Machine_Static,cycle_s,2.0,s,192,vlft:process
2026-09-12T14:03:02.000-04:00,T1,T_Machine_Static,busy,0,bool,192,vlft:process
2026-09-12T14:03:02.000-04:00,T1,T_Machine_Static,job_id,98,id,192,vlft:process
2026-09-12T14:03:03.000-04:00,T1,T_Machine_Static,cycle_s,2.0,s,192,vlft:process
2026-09-12T14:03:03.000-04:00,T1,T_Machine_Static,busy,0,bool,192,vlft:process
2026-09-12T14:03:03.000-04:00,T1,T_Machine_Static,job_id,98,id,192,vlft:process
2026-09-12T14:03:04.000-04:00,T1,T_Machine_Static,cycle_s,2.0,s,192,vlft:process
2026-09-12T14:03:04.000-04:00,T1,T_Machine_Static,busy,1,bool,192,vlft:process
2026-09-12T14:03:04.000-04:00,T1,T_Machine_Static,job_id,99,id,192,vlft:process
2026-09-12T14:03:05.000-04:00,T1,T_Machine_Static,cycle_s,2.0,s,192,vlft:process
2026-09-12T14:03:05.000-04:00,T1,T_Machine_Static,busy,1,bool,192,vlft:process
2026-09-12T14:03:05.000-04:00,T1,T_Machine_Static,job_id,99,id,192,vlft:process
2026-09-12T14:03:06.000-04:00,T1,T_Machine_Static,cycle_s,2.0,s,192,vlft:process
2026-09-12T14:03:06.000-04:00,T1,T_Machine_Static,busy,0,bool,192,vlft:process
2026-09-12T14:03:06.000-04:00,T1,T_Machine_Static,job_id,99,id,192,vlft:process
2026-09-12T14:03:07.000-04:00,T1,T_Machine_Static,cycle_s,2.0,s,192,vlft:process
2026-09-12T14:03:07.000-04:00,T1,T_Machine_Static,busy,0,bool,192,vlft:process
2026-09-12T14:03:07.000-04:00,T1,T_Machine_Static,job_id,99,id,192,vlft:process
2026-09-12T14:03:08.000-04:00,T1,T_Machine_Static,cycle_s,2.0,s,192,vlft:process
2026-09-12T14:03:08.000-04:00,T1,T_Machine_Static,busy,0,bool,192,vlft:process
2026-09-12T14:03:08.000-04:00,T1,T_Machine_Static,job_id,99,id,192,vlft:process
2026-09-12T14:03:09.000-04:00,T1,T_Machine_Static,cycle_s,2.0,s,192,vlft:process
2026-09-12T14:03:09.000-04:00,T1,T_Machine_Static,busy,0,bool,192,vlft:process
2026-09-12T14:03:09.000-04:00,T1,T_Machine_Static,job_id,99,id,192,vlft:process
2026-09-12T14:03:10.000-04:00,T1,T_Machine_Static,cycle_s,2.0,s,192,vlft:process
2026-09-12T14:03:10.000-04:00,T1,T_Machine_Static,busy,0,bool,192,vlft:process
2026-09-12T14:03:10.000-04:00,T1,T_Machine_Static,job_id,99,id,192,vlft:process
2026-09-12T14:03:11.000-04:00,T1,T_Machine_Static,cycle_s,2.0,s,192,vlft:process
2026-09-12T14:03:11.000-04:00,T1,T_Machine_Static,busy,0,bool,192,vlft:process
2026-09-12T14:03:11.000-04:00,T1,T_Machine_Static,job_id,99,id,192,vlft:process
2026-09-12T14:03:12.000-04:00,T1,T_Machine_Static,cycle_s,2.0,s,192,vlft:process
2026-09-12T14:03:12.000-04:00,T1,T_Machine_Static,busy,1,bool,192,vlft:process
2026-09-12T14:03:12.000-04:00,T1,T_Machine_Static,job_id,100,id,192,vlft:process
2026-09-12T14:03:13.000-04:00,T1,T_Machine_Static,cycle_s,2.0,s,192,vlft:process
2026-09-12T14:03:13.000-04:00,T1,T_Machine_Static,busy,1,bool,192,vlft:process
2026-09-12T14:03:13.000-04:00,T1,T_Machine_Static,job_id,100,id,192,vlft:process
2026-09-12T14:03:14.000-04:00,T1,T_Machine_Static,cycle_s,2.0,s,192,vlft:process
2026-09-12T14:03:14.000-04:00,T1,T_Machine_Static,busy,0,bool,192,vlft:process
2026-09-12T14:03:14.000-04:00,T1,T_Machine_Static,job_id,100,id,192,vlft:process
2026-09-12T14:03:15.000-04:00,T1,T_Machine_Static,cycle_s,2.0,s,192,vlft:process
2026-09-12T14:03:15.000-04:00,T1,T_Machine_Static,busy,0,bool,192,vlft:process
2026-09-12T14:03:15.000-04:00,T1,T_Machine_Static,job_id,100,id,192,vlft:process
2026-09-12T14:03:16.000-04:00,T1,T_Machine_Static,cycle_s,2.0,s,192,vlft:process
2026-09-12T14:03:16.000-04:00,T1,T_Machine_Static,busy,0,bool,192,vlft:process
2026-09-12T14:03:16.000-04:00,T1,T_Machine_Static,job_id,100,id,192,vlft:process
2026-09-12T14:03:17.000-04:00,T1,T_Machine_Static,cycle_s,2.0,s,192,vlft:process
2026-09-12T14:03:17.000-04:00,T1,T_Machine_Static,busy,0,bool,192,vlft:process
2026-09-12T14:03:17.000-04:00,T1,T_Machine_Static,job_id,100,id,192,vlft:process
2026-09-12T14:03:18.000-04:00,T1,T_Machine_Static,cycle_s,2.0,s,192,vlft:process
2026-09-12T14:03:18.000-04:00,T1,T_Machine_Static,busy,0,bool,192,vlft:process
2026-09-12T14:03:18.000-04:00,T1,T_Machine_Static,job_id,100,id,192,vlft:process
2026-09-12T14:03:19.000-04:00,T1,T_Machine_Static,cycle_s,2.0,s,192,vlft:process
2026-09-12T14:03:19.000-04:00,T1,T_Machine_Static,busy,0,bool,192,vlft:process
2026-09-12T14:03:19.000-04:00,T1,T_Machine_Static,job_id,100,id,192,vlft:process
2026-09-12T14:03:20.000-04:00,T1,T_Machine_Static,cycle_s,2.0,s,192,vlft:process
2026-09-12T14:03:20.000-04:00,T1,T_Machine_Static,busy,1,bool,192,vlft:process
2026-09-12T14:03:20.000-04:00,T1,T_Machine_Static,job_id,101,id,192,vlft:process
2026-09-12T14:03:21.000-04:00,T1,T_Machine_Static,cycle_s,2.0,s,192,vlft:process
2026-09-12T14:03:21.000-04:00,T1,T_Machine_Static,busy,1,bool,192,vlft:process
2026-09-12T14:03:21.000-04:00,T1,T_Machine_Static,job_id,101,id,192,vlft:process
2026-09-12T14:03:22.000-04:00,T1,T_Machine_Static,cycle_s,2.0,s,192,vlft:process
2026-09-12T14:03:22.000-04:00,T1,T_Machine_Static,busy,0,bool,192,vlft:process
2026-09-12T14:03:22.000-04:00,T1,T_Machine_Static,job_id,101,id,192,vlft:process
2026-09-12T14:03:23.000-04:00,T1,T_Machine_Static,cycle_s,2.0,s,192,vlft:process
2026-09-12T14:03:23.000-04:00,T1,T_Machine_Static,busy,0,bool,192,vlft:process
2026-09-12T14:03:23.000-04:00,T1,T_Machine_Static,job_id,101,id,192,vlft:process
2026-09-12T14:03:24.000-04:00,T1,T_Machine_Static,cycle_s,2.0,s,192,vlft:process
2026-09-12T14:03:24.000-04:00,T1,T_Machine_Static,busy,0,bool,192,vlft:process
2026-09-12T14:03:24.000-04:00,T1,T_Machine_Static,job_id,101,id,192,vlft:process
2026-09-12T14:03:25.000-04:00,T1,T_Machine_Static,cycle_s,2.0,s,192,vlft:process
2026-09-12T14:03:25.000-04:00,T1,T_Machine_Static,busy,0,bool,192,vlft:process
2026-09-12T14:03:25.000-04:00,T1,T_Machine_Static,job_id,101,id,192,vlft:process
2026-09-12T14:03:26.000-04:00,T1,T_Machine_Static,cycle_s,2.0,s,192,vlft:process
2026-09-12T14:03:26.000-04:00,T1,T_Machine_Static,busy,0,bool,192,vlft:process
2026-09-12T14:03:26.000-04:00,T1,T_Machine_Static,job_id,101,id,192,vlft:process
2026-09-12T14:03:27.000-04:00,T1,T_Machine_Static,cycle_s,2.0,s,192,vlft:process
2026-09-12T14:03:27.000-04:00,T1,T_Machine_Static,busy,0,bool,192,vlft:process
2026-09-12T14:03:27.000-04:00,T1,T_Machine_Static,job_id,101,id,192,vlft:process
2026-09-12T14:03:28.000-04:00,T1,T_Machine_Static,cycle_s,2.0,s,192,vlft:process
2026-09-12T14:03:28.000-04:00,T1,T_Machine_Static,busy,1,bool,192,vlft:process
2026-09-12T14:03:28.000-04:00,T1,T_Machine_Static,job_id,102,id,192,vlft:process
2026-09-12T14:03:29.000-04:00,T1,T_Machine_Static,cycle_s,2.0,s,192,vlft:process
2026-09-12T14:03:29.000-04:00,T1,T_Machine_Static,busy,1,bool,192,vlft:process
2026-09-12T14:03:29.000-04:00,T1,T_Machine_Static,job_id,102,id,192,vlft:process
2026-09-12T14:03:30.000-04:00,T1,T_Machine_Static,cycle_s,2.0,s,192,vlft:process
2026-09-12T14:03:30.000-04:00,T1,T_Machine_Static,busy,0,bool,192,vlft:process
2026-09-12T14:03:30.000-04:00,T1,T_Machine_Static,job_id,102,id,192,vlft:process
2026-09-12T14:03:31.000-04:00,T1,T_Machine_Static,cycle_s,2.0,s,192,vlft:process
2026-09-12T14:03:31.000-04:00,T1,T_Machine_Static,busy,0,bool,192,vlft:process
2026-09-12T14:03:31.000-04:00,T1,T_Machine_Static,job_id,102,id,192,vlft:process
2026-09-12T14:03:32.000-04:00,T1,T_Machine_Static,cycle_s,2.0,s,192,vlft:process
2026-09-12T14:03:32.000-04:00,T1,T_Machine_Static,busy,0,bool,192,vlft:process
2026-09-12T14:03:32.000-04:00,T1,T_Machine_Static,job_id,102,id,192,vlft:process
2026-09-12T14:03:33.000-04:00,T1,T_Machine_Static,cycle_s,2.0,s,192,vlft:process
2026-09-12T14:03:33.000-04:00,T1,T_Machine_Static,busy,0,bool,192,vlft:process
2026-09-12T14:03:33.000-04:00,T1,T_Machine_Static,job_id,102,id,192,vlft:process
2026-09-12T14:03:34.000-04:00,T1,T_Machine_Static,cycle_s,2.0,s,192,vlft:process
2026-09-12T14:03:34.000-04:00,T1,T_Machine_Static,busy,0,bool,192,vlft:process
2026-09-12T14:03:34.000-04:00,T1,T_Machine_Static,job_id,102,id,192,vlft:process
2026-09-12T14:03:35.000-04:00,T1,T_Machine_Static,cycle_s,2.0,s,192,vlft:process
2026-09-12T14:03:35.000-04:00,T1,T_Machine_Static,busy,0,bool,192,vlft:process
2026-09-12T14:03:35.000-04:00,T1,T_Machine_Static,job_id,102,id,192,vlft:process
2026-09-12T14:03:36.000-04:00,T1,T_Machine_Static,cycle_s,2.0,s,192,vlft:process
2026-09-12T14:03:36.000-04:00,T1,T_Machine_Static,busy,1,bool,192,vlft:process
2026-09-12T14:03:36.000-04:00,T1,T_Machine_Static,job_id,103,id,192,vlft:process
2026-09-12T14:03:37.000-04:00,T1,T_Machine_Static,cycle_s,2.0,s,192,vlft:process
2026-09-12T14:03:37.000-04:00,T1,T_Machine_Static,busy,1,bool,192,vlft:process
2026-09-12T14:03:37.000-04:00,T1,T_Machine_Static,job_id,103,id,192,vlft:process
2026-09-12T14:03:38.000-04:00,T1,T_Machine_Static,cycle_s,2.0,s,192,vlft:process
2026-09-12T14:03:38.000-04:00,T1,T_Machine_Static,busy,0,bool,192,vlft:process
2026-09-12T14:03:38.000-04:00,T1,T_Machine_Static,job_id,103,id,192,vlft:process
2026-09-12T14:03:39.000-04:00,T1,T_Machine_Static,cycle_s,2.0,s,192,vlft:process
2026-09-12T14:03:39.000-04:00,T1,T_Machine_Static,busy,0,bool,192,vlft:process
2026-09-12T14:03:39.000-04:00,T1,T_Machine_Static,job_id,103,id,192,vlft:process
2026-09-12T14:03:40.000-04:00,T1,T_Machine_Static,cycle_s,2.0,s,192,vlft:process
2026-09-12T14:03:40.000-04:00,T1,T_Machine_Static,busy,0,bool,192,vlft:process
2026-09-12T14:03:40.000-04:00,T1,T_Machine_Static,job_id,103,id,192,vlft:process
2026-09-12T14:03:41.000-04:00,T1,T_Machine_Static,cycle_s,2.0,s,192,vlft:process
2026-09-12T14:03:41.000-04:00,T1,T_Machine_Static,busy,0,bool,192,vlft:process
2026-09-12T14:03:41.000-04:00,T1,T_Machine_Static,job_id,103,id,192,vlft:process
2026-09-12T14:03:42.000-04:00,T1,T_Machine_Static,cycle_s,2.0,s,192,vlft:process
2026-09-12T14:03:42.000-04:00,T1,T_Machine_Static,busy,0,bool,192,vlft:process
2026-09-12T14:03:42.000-04:00,T1,T_Machine_Static,job_id,103,id,192,vlft:process
2026-09-12T14:03:43.000-04:00,T1,T_Machine_Static,cycle_s,2.0,s,192,vlft:process
2026-09-12T14:03:43.000-04:00,T1,T_Machine_Static,busy,0,bool,192,vlft:process
2026-09-12T14:03:43.000-04:00,T1,T_Machine_Static,job_id,103,id,192,vlft:process
2026-09-12T14:03:44.000-04:00,T1,T_Machine_Static,cycle_s,2.0,s,192,vlft:process
2026-09-12T14:03:44.000-04:00,T1,T_Machine_Static,busy,1,bool,192,vlft:process
2026-09-12T14:03:44.000-04:00,T1,T_Machine_Static,job_id,104,id,192,vlft:process
2026-09-12T14:03:45.000-04:00,T1,T_Machine_Static,cycle_s,2.0,s,192,vlft:process
2026-09-12T14:03:45.000-04:00,T1,T_Machine_Static,busy,1,bool,192,vlft:process
2026-09-12T14:03:45.000-04:00,T1,T_Machine_Static,job_id,104,id,192,vlft:process
2026-09-12T14:03:46.000-04:00,T1,T_Machine_Static,cycle_s,2.0,s,192,vlft:process
2026-09-12T14:03:46.000-04:00,T1,T_Machine_Static,busy,0,bool,192,vlft:process
2026-09-12T14:03:46.000-04:00,T1,T_Machine_Static,job_id,104,id,192,vlft:process
2026-09-12T14:03:47.000-04:00,T1,T_Machine_Static,cycle_s,2.0,s,192,vlft:process
2026-09-12T14:03:47.000-04:00,T1,T_Machine_Static,busy,0,bool,192,vlft:process
2026-09-12T14:03:47.000-04:00,T1,T_Machine_Static,job_id,104,id,192,vlft:process
2026-09-12T14:03:48.000-04:00,T1,T_Machine_Static,cycle_s,2.0,s,192,vlft:process
2026-09-12T14:03:48.000-04:00,T1,T_Machine_Static,busy,0,bool,192,vlft:process
2026-09-12T14:03:48.000-04:00,T1,T_Machine_Static,job_id,104,id,192,vlft:process
2026-09-12T14:03:49.000-04:00,T1,T_Machine_Static,cycle_s,2.0,s,192,vlft:process
2026-09-12T14:03:49.000-04:00,T1,T_Machine_Static,busy,0,bool,192,vlft:process
2026-09-12T14:03:49.000-04:00,T1,T_Machine_Static,job_id,104,id,192,vlft:process
2026-09-12T14:03:50.000-04:00,T1,T_Machine_Static,cycle_s,2.0,s,192,vlft:process
2026-09-12T14:03:50.000-04:00,T1,T_Machine_Static,busy,0,bool,192,vlft:process
2026-09-12T14:03:50.000-04:00,T1,T_Machine_Static,job_id,104,id,192,vlft:process
2026-09-12T14:03:51.000-04:00,T1,T_Machine_Static,cycle_s,2.0,s,192,vlft:process
2026-09-12T14:03:51.000-04:00,T1,T_Machine_Static,busy,0,bool,192,vlft:process
2026-09-12T14:03:51.000-04:00,T1,T_Machine_Static,job_id,104,id,192,vlft:process
2026-09-12T14:03:52.000-04:00,T1,T_Machine_Static,cycle_s,2.0,s,192,vlft:process
2026-09-12T14:03:52.000-04:00,T1,T_Machine_Static,busy,1,bool,192,vlft:process
2026-09-12T14:03:52.000-04:00,T1,T_Machine_Static,job_id,105,id,192,vlft:process
2026-09-12T14:03:53.000-04:00,T1,T_Machine_Static,cycle_s,2.0,s,192,vlft:process
2026-09-12T14:03:53.000-04:00,T1,T_Machine_Static,busy,1,bool,192,vlft:process
2026-09-12T14:03:53.000-04:00,T1,T_Machine_Static,job_id,105,id,192,vlft:process
2026-09-12T14:03:54.000-04:00,T1,T_Machine_Static,cycle_s,2.0,s,192,vlft:process
2026-09-12T14:03:54.000-04:00,T1,T_Machine_Static,busy,0,bool,192,vlft:process
2026-09-12T14:03:54.000-04:00,T1,T_Machine_Static,job_id,105,id,192,vlft:process
2026-09-12T14:03:55.000-04:00,T1,T_Machine_Static,cycle_s,2.0,s,192,vlft:process
2026-09-12T14:03:55.000-04:00,T1,T_Machine_Static,busy,0,bool,192,vlft:process
2026-09-12T14:03:55.000-04:00,T1,T_Machine_Static,job_id,105,id,192,vlft:process
2026-09-12T14:03:56.000-04:00,T1,T_Machine_Static,cycle_s,2.0,s,192,vlft:process
2026-09-12T14:03:56.000-04:00,T1,T_Machine_Static,busy,0,bool,192,vlft:process
2026-09-12T14:03:56.000-04:00,T1,T_Machine_Static,job_id,105,id,192,vlft:process
2026-09-12T14:03:57.000-04:00,T1,T_Machine_Static,cycle_s,2.0,s,192,vlft:process
2026-09-12T14:03:57.000-04:00,T1,T_Machine_Static,busy,0,bool,192,vlft:process
2026-09-12T14:03:57.000-04:00,T1,T_Machine_Static,job_id,105,id,192,vlft:process
2026-09-12T14:03:58.000-04:00,T1,T_Machine_Static,cycle_s,2.0,s,192,vlft:process
2026-09-12T14:03:58.000-04:00,T1,T_Machine_Static,busy,0,bool,192,vlft:process
2026-09-12T14:03:58.000-04:00,T1,T_Machine_Static,job_id,105,id,192,vlft:process
2026-09-12T14:03:59.000-04:00,T1,T_Machine_Static,cycle_s,2.0,s,192,vlft:process
2026-09-12T14:03:59.000-04:00,T1,T_Machine_Static,busy,0,bool,192,vlft:process
2026-09-12T14:03:59.000-04:00,T1,T_Machine_Static,job_id,105,id,192,vlft:process
2026-09-12T14:04:00.000-04:00,T1,T_Machine_Static,cycle_s,2.0,s,192,vlft:process
2026-09-12T14:04:00.000-04:00,T1,T_Machine_Static,busy,1,bool,192,vlft:process
2026-09-12T14:04:00.000-04:00,T1,T_Machine_Static,job_id,106,id,192,vlft:process
2026-09-12T14:04:01.000-04:00,T1,T_Machine_Static,cycle_s,2.0,s,192,vlft:process
2026-09-12T14:04:01.000-04:00,T1,T_Machine_Static,busy,1,bool,192,vlft:process
2026-09-12T14:04:01.000-04:00,T1,T_Machine_Static,job_id,106,id,192,vlft:process
2026-09-12T14:04:02.000-04:00,T1,T_Machine_Static,cycle_s,2.0,s,192,vlft:process
2026-09-12T14:04:02.000-04:00,T1,T_Machine_Static,busy,0,bool,192,vlft:process
2026-09-12T14:04:02.000-04:00,T1,T_Machine_Static,job_id,106,id,192,vlft:process
2026-09-12T14:04:03.000-04:00,T1,T_Machine_Static,cycle_s,2.0,s,192,vlft:process
2026-09-12T14:04:03.000-04:00,T1,T_Machine_Static,busy,0,bool,192,vlft:process
2026-09-12T14:04:03.000-04:00,T1,T_Machine_Static,job_id,106,id,192,vlft:process
2026-09-12T14:04:04.000-04:00,T1,T_Machine_Static,cycle_s,2.0,s,192,vlft:process
2026-09-12T14:04:04.000-04:00,T1,T_Machine_Static,busy,0,bool,192,vlft:process
2026-09-12T14:04:04.000-04:00,T1,T_Machine_Static,job_id,106,id,192,vlft:process
2026-09-12T14:04:05.000-04:00,T1,T_Machine_Static,cycle_s,2.0,s,192,vlft:process
2026-09-12T14:04:05.000-04:00,T1,T_Machine_Static,busy,0,bool,192,vlft:process
2026-09-12T14:04:05.000-04:00,T1,T_Machine_Static,job_id,106,id,192,vlft:process
2026-09-12T14:04:06.000-04:00,T1,T_Machine_Static,cycle_s,2.0,s,192,vlft:process
2026-09-12T14:04:06.000-04:00,T1,T_Machine_Static,busy,0,bool,192,vlft:process
2026-09-12T14:04:06.000-04:00,T1,T_Machine_Static,job_id,106,id,192,vlft:process
2026-09-12T14:04:07.000-04:00,T1,T_Machine_Static,cycle_s,2.0,s,192,vlft:process
2026-09-12T14:04:07.000-04:00,T1,T_Machine_Static,busy,0,bool,192,vlft:process
2026-09-12T14:04:07.000-04:00,T1,T_Machine_Static,job_id,106,id,192,vlft:process
2026-09-12T14:04:08.000-04:00,T1,T_Machine_Static,cycle_s,2.0,s,192,vlft:process
2026-09-12T14:04:08.000-04:00,T1,T_Machine_Static,busy,1,bool,192,vlft:process
2026-09-12T14:04:08.000-04:00,T1,T_Machine_Static,job_id,107,id,192,vlft:process
2026-09-12T14:04:09.000-04:00,T1,T_Machine_Static,cycle_s,2.0,s,192,vlft:process
2026-09-12T14:04:09.000-04:00,T1,T_Machine_Static,busy,1,bool,192,vlft:process
2026-09-12T14:04:09.000-04:00,T1,T_Machine_Static,job_id,107,id,192,vlft:process
2026-09-12T14:04:10.000-04:00,T1,T_Machine_Static,cycle_s,2.0,s,192,vlft:process
2026-09-12T14:04:10.000-04:00,T1,T_Machine_Static,busy,0,bool,192,vlft:process
2026-09-12T14:04:10.000-04:00,T1,T_Machine_Static,job_id,107,id,192,vlft:process
2026-09-12T14:04:11.000-04:00,T1,T_Machine_Static,cycle_s,2.0,s,192,vlft:process
2026-09-12T14:04:11.000-04:00,T1,T_Machine_Static,busy,0,bool,192,vlft:process
2026-09-12T14:04:11.000-04:00,T1,T_Machine_Static,job_id,107,id,192,vlft:process
2026-09-12T14:04:12.000-04:00,T1,T_Machine_Static,cycle_s,2.0,s,192,vlft:process
2026-09-12T14:04:12.000-04:00,T1,T_Machine_Static,busy,0,bool,192,vlft:process
2026-09-12T14:04:12.000-04:00,T1,T_Machine_Static,job_id,107,id,192,vlft:process
2026-09-12T14:04:13.000-04:00,T1,T_Machine_Static,cycle_s,2.0,s,192,vlft:process
2026-09-12T14:04:13.000-04:00,T1,T_Machine_Static,busy,0,bool,192,vlft:process
2026-09-12T14:04:13.000-04:00,T1,T_Machine_Static,job_id,107,id,192,vlft:process
2026-09-12T14:04:14.000-04:00,T1,T_Machine_Static,cycle_s,2.0,s,192,vlft:process
2026-09-12T14:04:14.000-04:00,T1,T_Machine_Static,busy,0,bool,192,vlft:process
2026-09-12T14:04:14.000-04:00,T1,T_Machine_Static,job_id,107,id,192,vlft:process
2026-09-12T14:04:15.000-04:00,T1,T_Machine_Static,cycle_s,2.0,s,192,vlft:process
2026-09-12T14:04:15.000-04:00,T1,T_Machine_Static,busy,0,bool,192,vlft:process
2026-09-12T14:04:15.000-04:00,T1,T_Machine_Static,job_id,107,id,192,vlft:process
2026-09-12T14:04:16.000-04:00,T1,T_Machine_Static,cycle_s,2.0,s,192,vlft:process
2026-09-12T14:04:16.000-04:00,T1,T_Machine_Static,busy,1,bool,192,vlft:process
2026-09-12T14:04:16.000-04:00,T1,T_Machine_Static,job_id,108,id,192,vlft:process
2026-09-12T14:04:17.000-04:00,T1,T_Machine_Static,cycle_s,2.0,s,192,vlft:process
2026-09-12T14:04:17.000-04:00,T1,T_Machine_Static,busy,1,bool,192,vlft:process
2026-09-12T14:04:17.000-04:00,T1,T_Machine_Static,job_id,108,id,192,vlft:process
2026-09-12T14:04:18.000-04:00,T1,T_Machine_Static,cycle_s,2.0,s,192,vlft:process
2026-09-12T14:04:18.000-04:00,T1,T_Machine_Static,busy,0,bool,192,vlft:process
2026-09-12T14:04:18.000-04:00,T1,T_Machine_Static,job_id,108,id,192,vlft:process
2026-09-12T14:04:19.000-04:00,T1,T_Machine_Static,cycle_s,2.0,s,192,vlft:process
2026-09-12T14:04:19.000-04:00,T1,T_Machine_Static,busy,0,bool,192,vlft:process
2026-09-12T14:04:19.000-04:00,T1,T_Machine_Static,job_id,108,id,192,vlft:process
2026-09-12T14:04:20.000-04:00,T1,T_Machine_Static,cycle_s,2.0,s,192,vlft:process
2026-09-12T14:04:20.000-04:00,T1,T_Machine_Static,busy,0,bool,192,vlft:process
2026-09-12T14:04:20.000-04:00,T1,T_Machine_Static,job_id,108,id,192,vlft:process
2026-09-12T14:04:21.000-04:00,T1,T_Machine_Static,cycle_s,2.0,s,192,vlft:process
2026-09-12T14:04:21.000-04:00,T1,T_Machine_Static,busy,0,bool,192,vlft:process
2026-09-12T14:04:21.000-04:00,T1,T_Machine_Static,job_id,108,id,192,vlft:process
2026-09-12T14:04:22.000-04:00,T1,T_Machine_Static,cycle_s,2.0,s,192,vlft:process
2026-09-12T14:04:22.000-04:00,T1,T_Machine_Static,busy,0,bool,192,vlft:process
2026-09-12T14:04:22.000-04:00,T1,T_Machine_Static,job_id,108,id,192,vlft:process
2026-09-12T14:04:23.000-04:00,T1,T_Machine_Static,cycle_s,2.0,s,192,vlft:process
2026-09-12T14:04:23.000-04:00,T1,T_Machine_Static,busy,0,bool,192,vlft:process
2026-09-12T14:04:23.000-04:00,T1,T_Machine_Static,job_id,108,id,192,vlft:process
2026-09-12T14:04:24.000-04:00,T1,T_Machine_Static,cycle_s,2.0,s,192,vlft:process
2026-09-12T14:04:24.000-04:00,T1,T_Machine_Static,busy,1,bool,192,vlft:process
2026-09-12T14:04:24.000-04:00,T1,T_Machine_Static,job_id,109,id,192,vlft:process
2026-09-12T14:04:25.000-04:00,T1,T_Machine_Static,cycle_s,2.0,s,192,vlft:process
2026-09-12T14:04:25.000-04:00,T1,T_Machine_Static,busy,1,bool,192,vlft:process
2026-09-12T14:04:25.000-04:00,T1,T_Machine_Static,job_id,109,id,192,vlft:process
2026-09-12T14:04:26.000-04:00,T1,T_Machine_Static,cycle_s,2.0,s,192,vlft:process
2026-09-12T14:04:26.000-04:00,T1,T_Machine_Static,busy,0,bool,192,vlft:process
2026-09-12T14:04:26.000-04:00,T1,T_Machine_Static,job_id,109,id,192,vlft:process
2026-09-12T14:04:27.000-04:00,T1,T_Machine_Static,cycle_s,2.0,s,192,vlft:process
2026-09-12T14:04:27.000-04:00,T1,T_Machine_Static,busy,0,bool,192,vlft:process
2026-09-12T14:04:27.000-04:00,T1,T_Machine_Static,job_id,109,id,192,vlft:process
2026-09-12T14:04:28.000-04:00,T1,T_Machine_Static,cycle_s,2.0,s,192,vlft:process
2026-09-12T14:04:28.000-04:00,T1,T_Machine_Static,busy,0,bool,192,vlft:process
2026-09-12T14:04:28.000-04:00,T1,T_Machine_Static,job_id,109,id,192,vlft:process
2026-09-12T14:04:29.000-04:00,T1,T_Machine_Static,cycle_s,2.0,s,192,vlft:process
2026-09-12T14:04:29.000-04:00,T1,T_Machine_Static,busy,0,bool,192,vlft:process
2026-09-12T14:04:29.000-04:00,T1,T_Machine_Static,job_id,109,id,192,vlft:process
2026-09-12T14:04:30.000-04:00,T1,T_Machine_Static,cycle_s,2.0,s,192,vlft:process
2026-09-12T14:04:30.000-04:00,T1,T_Machine_Static,busy,0,bool,192,vlft:process
2026-09-12T14:04:30.000-04:00,T1,T_Machine_Static,job_id,109,id,192,vlft:process
2026-09-12T14:04:31.000-04:00,T1,T_Machine_Static,cycle_s,2.0,s,192,vlft:process
2026-09-12T14:04:31.000-04:00,T1,T_Machine_Static,busy,0,bool,192,vlft:process
2026-09-12T14:04:31.000-04:00,T1,T_Machine_Static,job_id,109,id,192,vlft:process
2026-09-12T14:04:32.000-04:00,T1,T_Machine_Static,cycle_s,2.0,s,192,vlft:process
2026-09-12T14:04:32.000-04:00,T1,T_Machine_Static,busy,1,bool,192,vlft:process
2026-09-12T14:04:32.000-04:00,T1,T_Machine_Static,job_id,110,id,192,vlft:process
2026-09-12T14:04:33.000-04:00,T1,T_Machine_Static,cycle_s,2.0,s,192,vlft:process
2026-09-12T14:04:33.000-04:00,T1,T_Machine_Static,busy,1,bool,192,vlft:process
2026-09-12T14:04:33.000-04:00,T1,T_Machine_Static,job_id,110,id,192,vlft:process
2026-09-12T14:04:34.000-04:00,T1,T_Machine_Static,cycle_s,2.0,s,192,vlft:process
2026-09-12T14:04:34.000-04:00,T1,T_Machine_Static,busy,0,bool,192,vlft:process
2026-09-12T14:04:34.000-04:00,T1,T_Machine_Static,job_id,110,id,192,vlft:process
2026-09-12T14:04:35.000-04:00,T1,T_Machine_Static,cycle_s,2.0,s,192,vlft:process
2026-09-12T14:04:35.000-04:00,T1,T_Machine_Static,busy,0,bool,192,vlft:process
2026-09-12T14:04:35.000-04:00,T1,T_Machine_Static,job_id,110,id,192,vlft:process
2026-09-12T14:04:36.000-04:00,T1,T_Machine_Static,cycle_s,2.0,s,192,vlft:process
2026-09-12T14:04:36.000-04:00,T1,T_Machine_Static,busy,0,bool,192,vlft:process
2026-09-12T14:04:36.000-04:00,T1,T_Machine_Static,job_id,110,id,192,vlft:process
2026-09-12T14:04:37.000-04:00,T1,T_Machine_Static,cycle_s,2.0,s,192,vlft:process
2026-09-12T14:04:37.000-04:00,T1,T_Machine_Static,busy,0,bool,192,vlft:process
2026-09-12T14:04:37.000-04:00,T1,T_Machine_Static,job_id,110,id,192,vlft:process
2026-09-12T14:04:38.000-04:00,T1,T_Machine_Static,cycle_s,2.0,s,192,vlft:process
2026-09-12T14:04:38.000-04:00,T1,T_Machine_Static,busy,0,bool,192,vlft:process
2026-09-12T14:04:38.000-04:00,T1,T_Machine_Static,job_id,110,id,192,vlft:process
2026-09-12T14:04:39.000-04:00,T1,T_Machine_Static,cycle_s,2.0,s,192,vlft:process
2026-09-12T14:04:39.000-04:00,T1,T_Machine_Static,busy,0,bool,192,vlft:process
2026-09-12T14:04:39.000-04:00,T1,T_Machine_Static,job_id,110,id,192,vlft:process
2026-09-12T14:04:40.000-04:00,T1,T_Machine_Static,cycle_s,2.0,s,192,vlft:process
2026-09-12T14:04:40.000-04:00,T1,T_Machine_Static,busy,1,bool,192,vlft:process
2026-09-12T14:04:40.000-04:00,T1,T_Machine_Static,job_id,111,id,192,vlft:process
2026-09-12T14:04:41.000-04:00,T1,T_Machine_Static,cycle_s,2.0,s,192,vlft:process
2026-09-12T14:04:41.000-04:00,T1,T_Machine_Static,busy,1,bool,192,vlft:process
2026-09-12T14:04:41.000-04:00,T1,T_Machine_Static,job_id,111,id,192,vlft:process
2026-09-12T14:04:42.000-04:00,T1,T_Machine_Static,cycle_s,2.0,s,192,vlft:process
2026-09-12T14:04:42.000-04:00,T1,T_Machine_Static,busy,0,bool,192,vlft:process
2026-09-12T14:04:42.000-04:00,T1,T_Machine_Static,job_id,111,id,192,vlft:process
2026-09-12T14:04:43.000-04:00,T1,T_Machine_Static,cycle_s,2.0,s,192,vlft:process
2026-09-12T14:04:43.000-04:00,T1,T_Machine_Static,busy,0,bool,192,vlft:process
2026-09-12T14:04:43.000-04:00,T1,T_Machine_Static,job_id,111,id,192,vlft:process
2026-09-12T14:04:44.000-04:00,T1,T_Machine_Static,cycle_s,2.0,s,192,vlft:process
2026-09-12T14:04:44.000-04:00,T1,T_Machine_Static,busy,0,bool,192,vlft:process
2026-09-12T14:04:44.000-04:00,T1,T_Machine_Static,job_id,111,id,192,vlft:process
2026-09-12T14:04:45.000-04:00,T1,T_Machine_Static,cycle_s,2.0,s,192,vlft:process
2026-09-12T14:04:45.000-04:00,T1,T_Machine_Static,busy,0,bool,192,vlft:process
2026-09-12T14:04:45.000-04:00,T1,T_Machine_Static,job_id,111,id,192,vlft:process
2026-09-12T14:04:46.000-04:00,T1,T_Machine_Static,cycle_s,2.0,s,192,vlft:process
2026-09-12T14:04:46.000-04:00,T1,T_Machine_Static,busy,0,bool,192,vlft:process
2026-09-12T14:04:46.000-04:00,T1,T_Machine_Static,job_id,111,id,192,vlft:process
2026-09-12T14:04:47.000-04:00,T1,T_Machine_Static,cycle_s,2.0,s,192,vlft:process
2026-09-12T14:04:47.000-04:00,T1,T_Machine_Static,busy,0,bool,192,vlft:process
2026-09-12T14:04:47.000-04:00,T1,T_Machine_Static,job_id,111,id,192,vlft:process
2026-09-12T14:04:48.000-04:00,T1,T_Machine_Static,cycle_s,2.0,s,192,vlft:process
2026-09-12T14:04:48.000-04:00,T1,T_Machine_Static,busy,1,bool,192,vlft:process
2026-09-12T14:04:48.000-04:00,T1,T_Machine_Static,job_id,112,id,192,vlft:process
2026-09-12T14:04:49.000-04:00,T1,T_Machine_Static,cycle_s,2.0,s,192,vlft:process
2026-09-12T14:04:49.000-04:00,T1,T_Machine_Static,busy,1,bool,192,vlft:process
2026-09-12T14:04:49.000-04:00,T1,T_Machine_Static,job_id,112,id,192,vlft:process
2026-09-12T14:04:50.000-04:00,T1,T_Machine_Static,cycle_s,2.0,s,192,vlft:process
2026-09-12T14:04:50.000-04:00,T1,T_Machine_Static,busy,0,bool,192,vlft:process
2026-09-12T14:04:50.000-04:00,T1,T_Machine_Static,job_id,112,id,192,vlft:process
2026-09-12T14:04:51.000-04:00,T1,T_Machine_Static,cycle_s,2.0,s,192,vlft:process
2026-09-12T14:04:51.000-04:00,T1,T_Machine_Static,busy,0,bool,192,vlft:process
2026-09-12T14:04:51.000-04:00,T1,T_Machine_Static,job_id,112,id,192,vlft:process
2026-09-12T14:04:52.000-04:00,T1,T_Machine_Static,cycle_s,2.0,s,192,vlft:process
2026-09-12T14:04:52.000-04:00,T1,T_Machine_Static,busy,0,bool,192,vlft:process
2026-09-12T14:04:52.000-04:00,T1,T_Machine_Static,job_id,112,id,192,vlft:process
2026-09-12T14:04:53.000-04:00,T1,T_Machine_Static,cycle_s,2.0,s,192,vlft:process
2026-09-12T14:04:53.000-04:00,T1,T_Machine_Static,busy,0,bool,192,vlft:process
2026-09-12T14:04:53.000-04:00,T1,T_Machine_Static,job_id,112,id,192,vlft:process
2026-09-12T14:04:54.000-04:00,T1,T_Machine_Static,cycle_s,2.0,s,192,vlft:process
2026-09-12T14:04:54.000-04:00,T1,T_Machine_Static,busy,0,bool,192,vlft:process
2026-09-12T14:04:54.000-04:00,T1,T_Machine_Static,job_id,112,id,192,vlft:process
2026-09-12T14:04:55.000-04:00,T1,T_Machine_Static,cycle_s,2.0,s,192,vlft:process
2026-09-12T14:04:55.000-04:00,T1,T_Machine_Static,busy,0,bool,192,vlft:process
2026-09-12T14:04:55.000-04:00,T1,T_Machine_Static,job_id,112,id,192,vlft:process
2026-09-12T14:04:56.000-04:00,T1,T_Machine_Static,cycle_s,2.0,s,192,vlft:process
2026-09-12T14:04:56.000-04:00,T1,T_Machine_Static,busy,1,bool,192,vlft:process
2026-09-12T14:04:56.000-04:00,T1,T_Machine_Static,job_id,113,id,192,vlft:process
2026-09-12T14:04:57.000-04:00,T1,T_Machine_Static,cycle_s,2.0,s,192,vlft:process
2026-09-12T14:04:57.000-04:00,T1,T_Machine_Static,busy,1,bool,192,vlft:process
2026-09-12T14:04:57.000-04:00,T1,T_Machine_Static,job_id,113,id,192,vlft:process
2026-09-12T14:04:58.000-04:00,T1,T_Machine_Static,cycle_s,2.0,s,192,vlft:process
2026-09-12T14:04:58.000-04:00,T1,T_Machine_Static,busy,0,bool,192,vlft:process
2026-09-12T14:04:58.000-04:00,T1,T_Machine_Static,job_id,113,id,192,vlft:process
2026-09-12T14:04:59.000-04:00,T1,T_Machine_Static,cycle_s,2.0,s,192,vlft:process
2026-09-12T14:04:59.000-04:00,T1,T_Machine_Static,busy,0,bool,192,vlft:process
2026-09-12T14:04:59.000-04:00,T1,T_Machine_Static,job_id,113,id,192,vlft:process
2026-09-12T14:05:00.000-04:00,T1,T_Machine_Static,cycle_s,2.0,s,192,vlft:process
2026-09-12T14:05:00.000-04:00,T1,T_Machine_Static,busy,0,bool,192,vlft:process
2026-09-12T14:05:00.000-04:00,T1,T_Machine_Static,job_id,113,id,192,vlft:process
2026-09-12T14:05:01.000-04:00,T1,T_Machine_Static,cycle_s,2.0,s,192,vlft:process
2026-09-12T14:05:01.000-04:00,T1,T_Machine_Static,busy,0,bool,192,vlft:process
2026-09-12T14:05:01.000-04:00,T1,T_Machine_Static,job_id,113,id,192,vlft:process
2026-09-12T14:05:02.000-04:00,T1,T_Machine_Static,cycle_s,2.0,s,192,vlft:process
2026-09-12T14:05:02.000-04:00,T1,T_Machine_Static,busy,0,bool,192,vlft:process
2026-09-12T14:05:02.000-04:00,T1,T_Machine_Static,job_id,113,id,192,vlft:process
2026-09-12T14:05:03.000-04:00,T1,T_Machine_Static,cycle_s,2.0,s,192,vlft:process
2026-09-12T14:05:03.000-04:00,T1,T_Machine_Static,busy,0,bool,192,vlft:process
2026-09-12T14:05:03.000-04:00,T1,T_Machine_Static,job_id,113,id,192,vlft:process
2026-09-12T14:05:04.000-04:00,T1,T_Machine_Static,cycle_s,2.0,s,192,vlft:process
2026-09-12T14:05:04.000-04:00,T1,T_Machine_Static,busy,1,bool,192,vlft:process
2026-09-12T14:05:04.000-04:00,T1,T_Machine_Static,job_id,114,id,192,vlft:process
2026-09-12T14:05:05.000-04:00,T1,T_Machine_Static,cycle_s,2.0,s,192,vlft:process
2026-09-12T14:05:05.000-04:00,T1,T_Machine_Static,busy,1,bool,192,vlft:process
2026-09-12T14:05:05.000-04:00,T1,T_Machine_Static,job_id,114,id,192,vlft:process
2026-09-12T14:05:06.000-04:00,T1,T_Machine_Static,cycle_s,2.0,s,192,vlft:process
2026-09-12T14:05:06.000-04:00,T1,T_Machine_Static,busy,0,bool,192,vlft:process
2026-09-12T14:05:06.000-04:00,T1,T_Machine_Static,job_id,114,id,192,vlft:process
2026-09-12T14:05:07.000-04:00,T1,T_Machine_Static,cycle_s,2.0,s,192,vlft:process
2026-09-12T14:05:07.000-04:00,T1,T_Machine_Static,busy,0,bool,192,vlft:process
2026-09-12T14:05:07.000-04:00,T1,T_Machine_Static,job_id,114,id,192,vlft:process
2026-09-12T14:05:08.000-04:00,T1,T_Machine_Static,cycle_s,2.0,s,192,vlft:process
2026-09-12T14:05:08.000-04:00,T1,T_Machine_Static,busy,0,bool,192,vlft:process
2026-09-12T14:05:08.000-04:00,T1,T_Machine_Static,job_id,114,id,192,vlft:process
2026-09-12T14:05:09.000-04:00,T1,T_Machine_Static,cycle_s,2.0,s,192,vlft:process
2026-09-12T14:05:09.000-04:00,T1,T_Machine_Static,busy,0,bool,192,vlft:process
2026-09-12T14:05:09.000-04:00,T1,T_Machine_Static,job_id,114,id,192,vlft:process
2026-09-12T14:05:10.000-04:00,T1,T_Machine_Static,cycle_s,2.0,s,192,vlft:process
2026-09-12T14:05:10.000-04:00,T1,T_Machine_Static,busy,0,bool,192,vlft:process
2026-09-12T14:05:10.000-04:00,T1,T_Machine_Static,job_id,114,id,192,vlft:process
2026-09-12T14:05:11.000-04:00,T1,T_Machine_Static,cycle_s,2.0,s,192,vlft:process
2026-09-12T14:05:11.000-04:00,T1,T_Machine_Static,busy,0,bool,192,vlft:process
2026-09-12T14:05:11.000-04:00,T1,T_Machine_Static,job_id,114,id,192,vlft:process
2026-09-12T14:05:12.000-04:00,T1,T_Machine_Static,cycle_s,2.0,s,192,vlft:process
2026-09-12T14:05:12.000-04:00,T1,T_Machine_Static,busy,1,bool,192,vlft:process
2026-09-12T14:05:12.000-04:00,T1,T_Machine_Static,job_id,115,id,192,vlft:process
2026-09-12T14:05:13.000-04:00,T1,T_Machine_Static,cycle_s,2.0,s,192,vlft:process
2026-09-12T14:05:13.000-04:00,T1,T_Machine_Static,busy,1,bool,192,vlft:process
2026-09-12T14:05:13.000-04:00,T1,T_Machine_Static,job_id,115,id,192,vlft:process
2026-09-12T14:05:14.000-04:00,T1,T_Machine_Static,cycle_s,2.0,s,192,vlft:process
2026-09-12T14:05:14.000-04:00,T1,T_Machine_Static,busy,0,bool,192,vlft:process
2026-09-12T14:05:14.000-04:00,T1,T_Machine_Static,job_id,115,id,192,vlft:process
2026-09-12T14:05:15.000-04:00,T1,T_Machine_Static,cycle_s,2.0,s,192,vlft:process
2026-09-12T14:05:15.000-04:00,T1,T_Machine_Static,busy,0,bool,192,vlft:process
2026-09-12T14:05:15.000-04:00,T1,T_Machine_Static,job_id,115,id,192,vlft:process
2026-09-12T14:05:16.000-04:00,T1,T_Machine_Static,cycle_s,2.0,s,192,vlft:process
2026-09-12T14:05:16.000-04:00,T1,T_Machine_Static,busy,0,bool,192,vlft:process
2026-09-12T14:05:16.000-04:00,T1,T_Machine_Static,job_id,115,id,192,vlft:process
2026-09-12T14:05:17.000-04:00,T1,T_Machine_Static,cycle_s,2.0,s,192,vlft:process
2026-09-12T14:05:17.000-04:00,T1,T_Machine_Static,busy,0,bool,192,vlft:process
2026-09-12T14:05:17.000-04:00,T1,T_Machine_Static,job_id,115,id,192,vlft:process
2026-09-12T14:05:18.000-04:00,T1,T_Machine_Static,cycle_s,2.0,s,192,vlft:process
2026-09-12T14:05:18.000-04:00,T1,T_Machine_Static,busy,0,bool,192,vlft:process
2026-09-12T14:05:18.000-04:00,T1,T_Machine_Static,job_id,115,id,192,vlft:process
2026-09-12T14:05:19.000-04:00,T1,T_Machine_Static,cycle_s,2.0,s,192,vlft:process
2026-09-12T14:05:19.000-04:00,T1,T_Machine_Static,busy,0,bool,192,vlft:process
2026-09-12T14:05:19.000-04:00,T1,T_Machine_Static,job_id,115,id,192,vlft:process
2026-09-12T14:05:20.000-04:00,T1,T_Machine_Static,cycle_s,2.0,s,192,vlft:process
2026-09-12T14:05:20.000-04:00,T1,T_Machine_Static,busy,1,bool,192,vlft:process
2026-09-12T14:05:20.000-04:00,T1,T_Machine_Static,job_id,116,id,192,vlft:process
2026-09-12T14:05:21.000-04:00,T1,T_Machine_Static,cycle_s,2.0,s,192,vlft:process
2026-09-12T14:05:21.000-04:00,T1,T_Machine_Static,busy,1,bool,192,vlft:process
2026-09-12T14:05:21.000-04:00,T1,T_Machine_Static,job_id,116,id,192,vlft:process
2026-09-12T14:05:22.000-04:00,T1,T_Machine_Static,cycle_s,2.0,s,192,vlft:process
2026-09-12T14:05:22.000-04:00,T1,T_Machine_Static,busy,0,bool,192,vlft:process
2026-09-12T14:05:22.000-04:00,T1,T_Machine_Static,job_id,116,id,192,vlft:process
2026-09-12T14:05:23.000-04:00,T1,T_Machine_Static,cycle_s,2.0,s,192,vlft:process
2026-09-12T14:05:23.000-04:00,T1,T_Machine_Static,busy,0,bool,192,vlft:process
2026-09-12T14:05:23.000-04:00,T1,T_Machine_Static,job_id,116,id,192,vlft:process
2026-09-12T14:05:24.000-04:00,T1,T_Machine_Static,cycle_s,2.0,s,192,vlft:process
2026-09-12T14:05:24.000-04:00,T1,T_Machine_Static,busy,0,bool,192,vlft:process
2026-09-12T14:05:24.000-04:00,T1,T_Machine_Static,job_id,116,id,192,vlft:process
2026-09-12T14:05:25.000-04:00,T1,T_Machine_Static,cycle_s,2.0,s,192,vlft:process
2026-09-12T14:05:25.000-04:00,T1,T_Machine_Static,busy,0,bool,192,vlft:process
2026-09-12T14:05:25.000-04:00,T1,T_Machine_Static,job_id,116,id,192,vlft:process
2026-09-12T14:05:26.000-04:00,T1,T_Machine_Static,cycle_s,2.0,s,192,vlft:process
2026-09-12T14:05:26.000-04:00,T1,T_Machine_Static,busy,0,bool,192,vlft:process
2026-09-12T14:05:26.000-04:00,T1,T_Machine_Static,job_id,116,id,192,vlft:process
2026-09-12T14:05:27.000-04:00,T1,T_Machine_Static,cycle_s,2.0,s,192,vlft:process
2026-09-12T14:05:27.000-04:00,T1,T_Machine_Static,busy,0,bool,192,vlft:process
2026-09-12T14:05:27.000-04:00,T1,T_Machine_Static,job_id,116,id,192,vlft:process
2026-09-12T14:05:28.000-04:00,T1,T_Machine_Static,cycle_s,2.0,s,192,vlft:process
2026-09-12T14:05:28.000-04:00,T1,T_Machine_Static,busy,1,bool,192,vlft:process
2026-09-12T14:05:28.000-04:00,T1,T_Machine_Static,job_id,117,id,192,vlft:process
2026-09-12T14:05:29.000-04:00,T1,T_Machine_Static,cycle_s,2.0,s,192,vlft:process
2026-09-12T14:05:29.000-04:00,T1,T_Machine_Static,busy,1,bool,192,vlft:process
2026-09-12T14:05:29.000-04:00,T1,T_Machine_Static,job_id,117,id,192,vlft:process
2026-09-12T14:05:30.000-04:00,T1,T_Machine_Static,cycle_s,2.0,s,192,vlft:process
2026-09-12T14:05:30.000-04:00,T1,T_Machine_Static,busy,0,bool,192,vlft:process
2026-09-12T14:05:30.000-04:00,T1,T_Machine_Static,job_id,117,id,192,vlft:process
2026-09-12T14:05:31.000-04:00,T1,T_Machine_Static,cycle_s,2.0,s,192,vlft:process
2026-09-12T14:05:31.000-04:00,T1,T_Machine_Static,busy,0,bool,192,vlft:process
2026-09-12T14:05:31.000-04:00,T1,T_Machine_Static,job_id,117,id,192,vlft:process
2026-09-12T14:05:32.000-04:00,T1,T_Machine_Static,cycle_s,2.0,s,192,vlft:process
2026-09-12T14:05:32.000-04:00,T1,T_Machine_Static,busy,0,bool,192,vlft:process
2026-09-12T14:05:32.000-04:00,T1,T_Machine_Static,job_id,117,id,192,vlft:process
2026-09-12T14:05:33.000-04:00,T1,T_Machine_Static,cycle_s,2.0,s,192,vlft:process
2026-09-12T14:05:33.000-04:00,T1,T_Machine_Static,busy,0,bool,192,vlft:process
2026-09-12T14:05:33.000-04:00,T1,T_Machine_Static,job_id,117,id,192,vlft:process
2026-09-12T14:05:34.000-04:00,T1,T_Machine_Static,cycle_s,2.0,s,192,vlft:process
2026-09-12T14:05:34.000-04:00,T1,T_Machine_Static,busy,0,bool,192,vlft:process
2026-09-12T14:05:34.000-04:00,T1,T_Machine_Static,job_id,117,id,192,vlft:process
2026-09-12T14:05:35.000-04:00,T1,T_Machine_Static,cycle_s,2.0,s,192,vlft:process
2026-09-12T14:05:35.000-04:00,T1,T_Machine_Static,busy,0,bool,192,vlft:process
2026-09-12T14:05:35.000-04:00,T1,T_Machine_Static,job_id,117,id,192,vlft:process
2026-09-12T14:05:36.000-04:00,T1,T_Machine_Static,cycle_s,2.0,s,192,vlft:process
2026-09-12T14:05:36.000-04:00,T1,T_Machine_Static,busy,1,bool,192,vlft:process
2026-09-12T14:05:36.000-04:00,T1,T_Machine_Static,job_id,118,id,192,vlft:process
2026-09-12T14:05:37.000-04:00,T1,T_Machine_Static,cycle_s,2.0,s,192,vlft:process
2026-09-12T14:05:37.000-04:00,T1,T_Machine_Static,busy,1,bool,192,vlft:process
2026-09-12T14:05:37.000-04:00,T1,T_Machine_Static,job_id,118,id,192,vlft:process
2026-09-12T14:05:38.000-04:00,T1,T_Machine_Static,cycle_s,2.0,s,192,vlft:process
2026-09-12T14:05:38.000-04:00,T1,T_Machine_Static,busy,0,bool,192,vlft:process
2026-09-12T14:05:38.000-04:00,T1,T_Machine_Static,job_id,118,id,192,vlft:process
2026-09-12T14:05:39.000-04:00,T1,T_Machine_Static,cycle_s,2.0,s,192,vlft:process
2026-09-12T14:05:39.000-04:00,T1,T_Machine_Static,busy,0,bool,192,vlft:process
2026-09-12T14:05:39.000-04:00,T1,T_Machine_Static,job_id,118,id,192,vlft:process
2026-09-12T14:05:40.000-04:00,T1,T_Machine_Static,cycle_s,2.0,s,192,vlft:process
2026-09-12T14:05:40.000-04:00,T1,T_Machine_Static,busy,0,bool,192,vlft:process
2026-09-12T14:05:40.000-04:00,T1,T_Machine_Static,job_id,118,id,192,vlft:process
2026-09-12T14:05:41.000-04:00,T1,T_Machine_Static,cycle_s,2.0,s,192,vlft:process
2026-09-12T14:05:41.000-04:00,T1,T_Machine_Static,busy,0,bool,192,vlft:process
2026-09-12T14:05:41.000-04:00,T1,T_Machine_Static,job_id,118,id,192,vlft:process
2026-09-12T14:05:42.000-04:00,T1,T_Machine_Static,cycle_s,2.0,s,192,vlft:process
2026-09-12T14:05:42.000-04:00,T1,T_Machine_Static,busy,0,bool,192,vlft:process
2026-09-12T14:05:42.000-04:00,T1,T_Machine_Static,job_id,118,id,192,vlft:process
2026-09-12T14:05:43.000-04:00,T1,T_Machine_Static,cycle_s,2.0,s,192,vlft:process
2026-09-12T14:05:43.000-04:00,T1,T_Machine_Static,busy,0,bool,192,vlft:process
2026-09-12T14:05:43.000-04:00,T1,T_Machine_Static,job_id,118,id,192,vlft:process
2026-09-12T14:05:44.000-04:00,T1,T_Machine_Static,cycle_s,2.0,s,192,vlft:process
2026-09-12T14:05:44.000-04:00,T1,T_Machine_Static,busy,1,bool,192,vlft:process
2026-09-12T14:05:44.000-04:00,T1,T_Machine_Static,job_id,119,id,192,vlft:process
2026-09-12T14:05:45.000-04:00,T1,T_Machine_Static,cycle_s,2.0,s,192,vlft:process
2026-09-12T14:05:45.000-04:00,T1,T_Machine_Static,busy,1,bool,192,vlft:process
2026-09-12T14:05:45.000-04:00,T1,T_Machine_Static,job_id,119,id,192,vlft:process
2026-09-12T14:05:46.000-04:00,T1,T_Machine_Static,cycle_s,2.0,s,192,vlft:process
2026-09-12T14:05:46.000-04:00,T1,T_Machine_Static,busy,0,bool,192,vlft:process
2026-09-12T14:05:46.000-04:00,T1,T_Machine_Static,job_id,119,id,192,vlft:process
2026-09-12T14:05:47.000-04:00,T1,T_Machine_Static,cycle_s,2.0,s,192,vlft:process
2026-09-12T14:05:47.000-04:00,T1,T_Machine_Static,busy,0,bool,192,vlft:process
2026-09-12T14:05:47.000-04:00,T1,T_Machine_Static,job_id,119,id,192,vlft:process
2026-09-12T14:05:48.000-04:00,T1,T_Machine_Static,cycle_s,2.0,s,192,vlft:process
2026-09-12T14:05:48.000-04:00,T1,T_Machine_Static,busy,0,bool,192,vlft:process
2026-09-12T14:05:48.000-04:00,T1,T_Machine_Static,job_id,119,id,192,vlft:process
2026-09-12T14:05:49.000-04:00,T1,T_Machine_Static,cycle_s,2.0,s,192,vlft:process
2026-09-12T14:05:49.000-04:00,T1,T_Machine_Static,busy,0,bool,192,vlft:process
2026-09-12T14:05:49.000-04:00,T1,T_Machine_Static,job_id,119,id,192,vlft:process
2026-09-12T14:05:50.000-04:00,T1,T_Machine_Static,cycle_s,2.0,s,192,vlft:process
2026-09-12T14:05:50.000-04:00,T1,T_Machine_Static,busy,0,bool,192,vlft:process
2026-09-12T14:05:50.000-04:00,T1,T_Machine_Static,job_id,119,id,192,vlft:process
2026-09-12T14:05:51.000-04:00,T1,T_Machine_Static,cycle_s,2.0,s,192,vlft:process
2026-09-12T14:05:51.000-04:00,T1,T_Machine_Static,busy,0,bool,192,vlft:process
2026-09-12T14:05:51.000-04:00,T1,T_Machine_Static,job_id,119,id,192,vlft:process
2026-09-12T14:05:52.000-04:00,T1,T_Machine_Static,cycle_s,2.0,s,192,vlft:process
2026-09-12T14:05:52.000-04:00,T1,T_Machine_Static,busy,1,bool,192,vlft:process
2026-09-12T14:05:52.000-04:00,T1,T_Machine_Static,job_id,120,id,192,vlft:process
2026-09-12T14:05:53.000-04:00,T1,T_Machine_Static,cycle_s,2.0,s,192,vlft:process
2026-09-12T14:05:53.000-04:00,T1,T_Machine_Static,busy,1,bool,192,vlft:process
2026-09-12T14:05:53.000-04:00,T1,T_Machine_Static,job_id,120,id,192,vlft:process
2026-09-12T14:05:54.000-04:00,T1,T_Machine_Static,cycle_s,2.0,s,192,vlft:process
2026-09-12T14:05:54.000-04:00,T1,T_Machine_Static,busy,0,bool,192,vlft:process
2026-09-12T14:05:54.000-04:00,T1,T_Machine_Static,job_id,120,id,192,vlft:process
2026-09-12T14:05:55.000-04:00,T1,T_Machine_Static,cycle_s,2.0,s,192,vlft:process
2026-09-12T14:05:55.000-04:00,T1,T_Machine_Static,busy,0,bool,192,vlft:process
2026-09-12T14:05:55.000-04:00,T1,T_Machine_Static,job_id,120,id,192,vlft:process
2026-09-12T14:05:56.000-04:00,T1,T_Machine_Static,cycle_s,2.0,s,192,vlft:process
2026-09-12T14:05:56.000-04:00,T1,T_Machine_Static,busy,0,bool,192,vlft:process
2026-09-12T14:05:56.000-04:00,T1,T_Machine_Static,job_id,120,id,192,vlft:process
2026-09-12T14:05:57.000-04:00,T1,T_Machine_Static,cycle_s,2.0,s,192,vlft:process
2026-09-12T14:05:57.000-04:00,T1,T_Machine_Static,busy,0,bool,192,vlft:process
2026-09-12T14:05:57.000-04:00,T1,T_Machine_Static,job_id,120,id,192,vlft:process
2026-09-12T14:05:58.000-04:00,T1,T_Machine_Static,cycle_s,2.0,s,192,vlft:process
2026-09-12T14:05:58.000-04:00,T1,T_Machine_Static,busy,0,bool,192,vlft:process
2026-09-12T14:05:58.000-04:00,T1,T_Machine_Static,job_id,120,id,192,vlft:process
2026-09-12T14:05:59.000-04:00,T1,T_Machine_Static,cycle_s,2.0,s,192,vlft:process
2026-09-12T14:05:59.000-04:00,T1,T_Machine_Static,busy,0,bool,192,vlft:process
2026-09-12T14:05:59.000-04:00,T1,T_Machine_Static,job_id,120,id,192,vlft:process
2026-09-12T14:06:00.000-04:00,T1,T_Machine_Static,cycle_s,2.0,s,192,vlft:process
2026-09-12T14:06:00.000-04:00,T1,T_Machine_Static,busy,1,bool,192,vlft:process
2026-09-12T14:06:00.000-04:00,T1,T_Machine_Static,job_id,121,id,192,vlft:process
2026-09-12T14:06:01.000-04:00,T1,T_Machine_Static,cycle_s,2.0,s,192,vlft:process
2026-09-12T14:06:01.000-04:00,T1,T_Machine_Static,busy,1,bool,192,vlft:process
2026-09-12T14:06:01.000-04:00,T1,T_Machine_Static,job_id,121,id,192,vlft:process
2026-09-12T14:06:02.000-04:00,T1,T_Machine_Static,cycle_s,2.0,s,192,vlft:process
2026-09-12T14:06:02.000-04:00,T1,T_Machine_Static,busy,0,bool,192,vlft:process
2026-09-12T14:06:02.000-04:00,T1,T_Machine_Static,job_id,121,id,192,vlft:process
2026-09-12T14:06:03.000-04:00,T1,T_Machine_Static,cycle_s,2.0,s,192,vlft:process
2026-09-12T14:06:03.000-04:00,T1,T_Machine_Static,busy,0,bool,192,vlft:process
2026-09-12T14:06:03.000-04:00,T1,T_Machine_Static,job_id,121,id,192,vlft:process
2026-09-12T14:06:04.000-04:00,T1,T_Machine_Static,cycle_s,2.0,s,192,vlft:process
2026-09-12T14:06:04.000-04:00,T1,T_Machine_Static,busy,0,bool,192,vlft:process
2026-09-12T14:06:04.000-04:00,T1,T_Machine_Static,job_id,121,id,192,vlft:process
2026-09-12T14:06:05.000-04:00,T1,T_Machine_Static,cycle_s,2.0,s,192,vlft:process
2026-09-12T14:06:05.000-04:00,T1,T_Machine_Static,busy,0,bool,192,vlft:process
2026-09-12T14:06:05.000-04:00,T1,T_Machine_Static,job_id,121,id,192,vlft:process
2026-09-12T14:06:06.000-04:00,T1,T_Machine_Static,cycle_s,2.0,s,192,vlft:process
2026-09-12T14:06:06.000-04:00,T1,T_Machine_Static,busy,0,bool,192,vlft:process
2026-09-12T14:06:06.000-04:00,T1,T_Machine_Static,job_id,121,id,192,vlft:process
2026-09-12T14:06:07.000-04:00,T1,T_Machine_Static,cycle_s,2.0,s,192,vlft:process
2026-09-12T14:06:07.000-04:00,T1,T_Machine_Static,busy,0,bool,192,vlft:process
2026-09-12T14:06:07.000-04:00,T1,T_Machine_Static,job_id,121,id,192,vlft:process
2026-09-12T14:06:08.000-04:00,T1,T_Machine_Static,cycle_s,2.0,s,192,vlft:process
2026-09-12T14:06:08.000-04:00,T1,T_Machine_Static,busy,1,bool,192,vlft:process
2026-09-12T14:06:08.000-04:00,T1,T_Machine_Static,job_id,122,id,192,vlft:process
2026-09-12T14:06:09.000-04:00,T1,T_Machine_Static,cycle_s,2.0,s,192,vlft:process
2026-09-12T14:06:09.000-04:00,T1,T_Machine_Static,busy,1,bool,192,vlft:process
2026-09-12T14:06:09.000-04:00,T1,T_Machine_Static,job_id,122,id,192,vlft:process
2026-09-12T14:06:10.000-04:00,T1,T_Machine_Static,cycle_s,2.0,s,192,vlft:process
2026-09-12T14:06:10.000-04:00,T1,T_Machine_Static,busy,0,bool,192,vlft:process
2026-09-12T14:06:10.000-04:00,T1,T_Machine_Static,job_id,122,id,192,vlft:process
2026-09-12T14:06:11.000-04:00,T1,T_Machine_Static,cycle_s,2.0,s,192,vlft:process
2026-09-12T14:06:11.000-04:00,T1,T_Machine_Static,busy,0,bool,192,vlft:process
2026-09-12T14:06:11.000-04:00,T1,T_Machine_Static,job_id,122,id,192,vlft:process
2026-09-12T14:06:12.000-04:00,T1,T_Machine_Static,cycle_s,2.0,s,192,vlft:process
2026-09-12T14:06:12.000-04:00,T1,T_Machine_Static,busy,0,bool,192,vlft:process
2026-09-12T14:06:12.000-04:00,T1,T_Machine_Static,job_id,122,id,192,vlft:process
2026-09-12T14:06:13.000-04:00,T1,T_Machine_Static,cycle_s,2.0,s,192,vlft:process
2026-09-12T14:06:13.000-04:00,T1,T_Machine_Static,busy,0,bool,192,vlft:process
2026-09-12T14:06:13.000-04:00,T1,T_Machine_Static,job_id,122,id,192,vlft:process
2026-09-12T14:06:14.000-04:00,T1,T_Machine_Static,cycle_s,2.0,s,192,vlft:process
2026-09-12T14:06:14.000-04:00,T1,T_Machine_Static,busy,0,bool,192,vlft:process
2026-09-12T14:06:14.000-04:00,T1,T_Machine_Static,job_id,122,id,192,vlft:process
2026-09-12T14:06:15.000-04:00,T1,T_Machine_Static,cycle_s,2.0,s,192,vlft:process
2026-09-12T14:06:15.000-04:00,T1,T_Machine_Static,busy,0,bool,192,vlft:process
2026-09-12T14:06:15.000-04:00,T1,T_Machine_Static,job_id,122,id,192,vlft:process
2026-09-12T14:06:16.000-04:00,T1,T_Machine_Static,cycle_s,2.0,s,192,vlft:process
2026-09-12T14:06:16.000-04:00,T1,T_Machine_Static,busy,1,bool,192,vlft:process
2026-09-12T14:06:16.000-04:00,T1,T_Machine_Static,job_id,123,id,192,vlft:process
2026-09-12T14:06:17.000-04:00,T1,T_Machine_Static,cycle_s,2.0,s,192,vlft:process
2026-09-12T14:06:17.000-04:00,T1,T_Machine_Static,busy,1,bool,192,vlft:process
2026-09-12T14:06:17.000-04:00,T1,T_Machine_Static,job_id,123,id,192,vlft:process
2026-09-12T14:06:18.000-04:00,T1,T_Machine_Static,cycle_s,2.0,s,192,vlft:process
2026-09-12T14:06:18.000-04:00,T1,T_Machine_Static,busy,0,bool,192,vlft:process
2026-09-12T14:06:18.000-04:00,T1,T_Machine_Static,job_id,123,id,192,vlft:process
2026-09-12T14:06:19.000-04:00,T1,T_Machine_Static,cycle_s,2.0,s,192,vlft:process
2026-09-12T14:06:19.000-04:00,T1,T_Machine_Static,busy,0,bool,192,vlft:process
2026-09-12T14:06:19.000-04:00,T1,T_Machine_Static,job_id,123,id,192,vlft:process
2026-09-12T14:06:20.000-04:00,T1,T_Machine_Static,cycle_s,2.0,s,192,vlft:process
2026-09-12T14:06:20.000-04:00,T1,T_Machine_Static,busy,0,bool,192,vlft:process
2026-09-12T14:06:20.000-04:00,T1,T_Machine_Static,job_id,123,id,192,vlft:process
2026-09-12T14:06:21.000-04:00,T1,T_Machine_Static,cycle_s,2.0,s,192,vlft:process
2026-09-12T14:06:21.000-04:00,T1,T_Machine_Static,busy,0,bool,192,vlft:process
2026-09-12T14:06:21.000-04:00,T1,T_Machine_Static,job_id,123,id,192,vlft:process
2026-09-12T14:06:22.000-04:00,T1,T_Machine_Static,cycle_s,2.0,s,192,vlft:process
2026-09-12T14:06:22.000-04:00,T1,T_Machine_Static,busy,0,bool,192,vlft:process
2026-09-12T14:06:22.000-04:00,T1,T_Machine_Static,job_id,123,id,192,vlft:process
2026-09-12T14:06:23.000-04:00,T1,T_Machine_Static,cycle_s,2.0,s,192,vlft:process
2026-09-12T14:06:23.000-04:00,T1,T_Machine_Static,busy,0,bool,192,vlft:process
2026-09-12T14:06:23.000-04:00,T1,T_Machine_Static,job_id,123,id,192,vlft:process
2026-09-12T14:06:24.000-04:00,T1,T_Machine_Static,cycle_s,2.0,s,192,vlft:process
2026-09-12T14:06:24.000-04:00,T1,T_Machine_Static,busy,1,bool,192,vlft:process
2026-09-12T14:06:24.000-04:00,T1,T_Machine_Static,job_id,124,id,192,vlft:process
2026-09-12T14:06:25.000-04:00,T1,T_Machine_Static,cycle_s,2.0,s,192,vlft:process
2026-09-12T14:06:25.000-04:00,T1,T_Machine_Static,busy,1,bool,192,vlft:process
2026-09-12T14:06:25.000-04:00,T1,T_Machine_Static,job_id,124,id,192,vlft:process
2026-09-12T14:06:26.000-04:00,T1,T_Machine_Static,cycle_s,2.0,s,192,vlft:process
2026-09-12T14:06:26.000-04:00,T1,T_Machine_Static,busy,0,bool,192,vlft:process
2026-09-12T14:06:26.000-04:00,T1,T_Machine_Static,job_id,124,id,192,vlft:process
2026-09-12T14:06:27.000-04:00,T1,T_Machine_Static,cycle_s,2.0,s,192,vlft:process
2026-09-12T14:06:27.000-04:00,T1,T_Machine_Static,busy,0,bool,192,vlft:process
2026-09-12T14:06:27.000-04:00,T1,T_Machine_Static,job_id,124,id,192,vlft:process
2026-09-12T14:06:28.000-04:00,T1,T_Machine_Static,cycle_s,2.0,s,192,vlft:process
2026-09-12T14:06:28.000-04:00,T1,T_Machine_Static,busy,0,bool,192,vlft:process
2026-09-12T14:06:28.000-04:00,T1,T_Machine_Static,job_id,124,id,192,vlft:process
2026-09-12T14:06:29.000-04:00,T1,T_Machine_Static,cycle_s,2.0,s,192,vlft:process
2026-09-12T14:06:29.000-04:00,T1,T_Machine_Static,busy,0,bool,192,vlft:process
2026-09-12T14:06:29.000-04:00,T1,T_Machine_Static,job_id,124,id,192,vlft:process
2026-09-12T14:06:30.000-04:00,T1,T_Machine_Static,cycle_s,2.0,s,192,vlft:process
2026-09-12T14:06:30.000-04:00,T1,T_Machine_Static,busy,0,bool,192,vlft:process
2026-09-12T14:06:30.000-04:00,T1,T_Machine_Static,job_id,124,id,192,vlft:process
2026-09-12T14:06:31.000-04:00,T1,T_Machine_Static,cycle_s,2.0,s,192,vlft:process
2026-09-12T14:06:31.000-04:00,T1,T_Machine_Static,busy,0,bool,192,vlft:process
2026-09-12T14:06:31.000-04:00,T1,T_Machine_Static,job_id,124,id,192,vlft:process
2026-09-12T14:06:32.000-04:00,T1,T_Machine_Static,cycle_s,2.0,s,192,vlft:process
2026-09-12T14:06:32.000-04:00,T1,T_Machine_Static,busy,1,bool,192,vlft:process
2026-09-12T14:06:32.000-04:00,T1,T_Machine_Static,job_id,125,id,192,vlft:process
2026-09-12T14:06:33.000-04:00,T1,T_Machine_Static,cycle_s,2.0,s,192,vlft:process
2026-09-12T14:06:33.000-04:00,T1,T_Machine_Static,busy,1,bool,192,vlft:process
2026-09-12T14:06:33.000-04:00,T1,T_Machine_Static,job_id,125,id,192,vlft:process
2026-09-12T14:06:34.000-04:00,T1,T_Machine_Static,cycle_s,2.0,s,192,vlft:process
2026-09-12T14:06:34.000-04:00,T1,T_Machine_Static,busy,0,bool,192,vlft:process
2026-09-12T14:06:34.000-04:00,T1,T_Machine_Static,job_id,125,id,192,vlft:process
2026-09-12T14:06:35.000-04:00,T1,T_Machine_Static,cycle_s,2.0,s,192,vlft:process
2026-09-12T14:06:35.000-04:00,T1,T_Machine_Static,busy,0,bool,192,vlft:process
2026-09-12T14:06:35.000-04:00,T1,T_Machine_Static,job_id,125,id,192,vlft:process
2026-09-12T14:06:36.000-04:00,T1,T_Machine_Static,cycle_s,2.0,s,192,vlft:process
2026-09-12T14:06:36.000-04:00,T1,T_Machine_Static,busy,0,bool,192,vlft:process
2026-09-12T14:06:36.000-04:00,T1,T_Machine_Static,job_id,125,id,192,vlft:process
2026-09-12T14:06:37.000-04:00,T1,T_Machine_Static,cycle_s,2.0,s,192,vlft:process
2026-09-12T14:06:37.000-04:00,T1,T_Machine_Static,busy,0,bool,192,vlft:process
2026-09-12T14:06:37.000-04:00,T1,T_Machine_Static,job_id,125,id,192,vlft:process
2026-09-12T14:06:38.000-04:00,T1,T_Machine_Static,cycle_s,2.0,s,192,vlft:process
2026-09-12T14:06:38.000-04:00,T1,T_Machine_Static,busy,0,bool,192,vlft:process
2026-09-12T14:06:38.000-04:00,T1,T_Machine_Static,job_id,125,id,192,vlft:process
2026-09-12T14:06:39.000-04:00,T1,T_Machine_Static,cycle_s,2.0,s,192,vlft:process
2026-09-12T14:06:39.000-04:00,T1,T_Machine_Static,busy,0,bool,192,vlft:process
2026-09-12T14:06:39.000-04:00,T1,T_Machine_Static,job_id,125,id,192,vlft:process
2026-09-12T14:06:40.000-04:00,T1,T_Machine_Static,cycle_s,2.0,s,192,vlft:process
2026-09-12T14:06:40.000-04:00,T1,T_Machine_Static,busy,1,bool,192,vlft:process
2026-09-12T14:06:40.000-04:00,T1,T_Machine_Static,job_id,126,id,192,vlft:process
2026-09-12T14:06:41.000-04:00,T1,T_Machine_Static,cycle_s,2.0,s,192,vlft:process
2026-09-12T14:06:41.000-04:00,T1,T_Machine_Static,busy,1,bool,192,vlft:process
2026-09-12T14:06:41.000-04:00,T1,T_Machine_Static,job_id,126,id,192,vlft:process
2026-09-12T14:06:42.000-04:00,T1,T_Machine_Static,cycle_s,2.0,s,192,vlft:process
2026-09-12T14:06:42.000-04:00,T1,T_Machine_Static,busy,0,bool,192,vlft:process
2026-09-12T14:06:42.000-04:00,T1,T_Machine_Static,job_id,126,id,192,vlft:process
2026-09-12T14:06:43.000-04:00,T1,T_Machine_Static,cycle_s,2.0,s,192,vlft:process
2026-09-12T14:06:43.000-04:00,T1,T_Machine_Static,busy,0,bool,192,vlft:process
2026-09-12T14:06:43.000-04:00,T1,T_Machine_Static,job_id,126,id,192,vlft:process
2026-09-12T14:06:44.000-04:00,T1,T_Machine_Static,cycle_s,2.0,s,192,vlft:process
2026-09-12T14:06:44.000-04:00,T1,T_Machine_Static,busy,0,bool,192,vlft:process
2026-09-12T14:06:44.000-04:00,T1,T_Machine_Static,job_id,126,id,192,vlft:process
2026-09-12T14:06:45.000-04:00,T1,T_Machine_Static,cycle_s,2.0,s,192,vlft:process
2026-09-12T14:06:45.000-04:00,T1,T_Machine_Static,busy,0,bool,192,vlft:process
2026-09-12T14:06:45.000-04:00,T1,T_Machine_Static,job_id,126,id,192,vlft:process
2026-09-12T14:06:46.000-04:00,T1,T_Machine_Static,cycle_s,2.0,s,192,vlft:process
2026-09-12T14:06:46.000-04:00,T1,T_Machine_Static,busy,0,bool,192,vlft:process
2026-09-12T14:06:46.000-04:00,T1,T_Machine_Static,job_id,126,id,192,vlft:process
2026-09-12T14:06:47.000-04:00,T1,T_Machine_Static,cycle_s,2.0,s,192,vlft:process
2026-09-12T14:06:47.000-04:00,T1,T_Machine_Static,busy,0,bool,192,vlft:process
2026-09-12T14:06:47.000-04:00,T1,T_Machine_Static,job_id,126,id,192,vlft:process
2026-09-12T14:06:48.000-04:00,T1,T_Machine_Static,cycle_s,2.0,s,192,vlft:process
2026-09-12T14:06:48.000-04:00,T1,T_Machine_Static,busy,1,bool,192,vlft:process
2026-09-12T14:06:48.000-04:00,T1,T_Machine_Static,job_id,127,id,192,vlft:process
2026-09-12T14:06:49.000-04:00,T1,T_Machine_Static,cycle_s,2.0,s,192,vlft:process
2026-09-12T14:06:49.000-04:00,T1,T_Machine_Static,busy,1,bool,192,vlft:process
2026-09-12T14:06:49.000-04:00,T1,T_Machine_Static,job_id,127,id,192,vlft:process
2026-09-12T14:06:50.000-04:00,T1,T_Machine_Static,cycle_s,2.0,s,192,vlft:process
2026-09-12T14:06:50.000-04:00,T1,T_Machine_Static,busy,0,bool,192,vlft:process
2026-09-12T14:06:50.000-04:00,T1,T_Machine_Static,job_id,127,id,192,vlft:process
2026-09-12T14:06:51.000-04:00,T1,T_Machine_Static,cycle_s,2.0,s,192,vlft:process
2026-09-12T14:06:51.000-04:00,T1,T_Machine_Static,busy,0,bool,192,vlft:process
2026-09-12T14:06:51.000-04:00,T1,T_Machine_Static,job_id,127,id,192,vlft:process
2026-09-12T14:06:52.000-04:00,T1,T_Machine_Static,cycle_s,2.0,s,192,vlft:process
2026-09-12T14:06:52.000-04:00,T1,T_Machine_Static,busy,0,bool,192,vlft:process
2026-09-12T14:06:52.000-04:00,T1,T_Machine_Static,job_id,127,id,192,vlft:process
2026-09-12T14:06:53.000-04:00,T1,T_Machine_Static,cycle_s,2.0,s,192,vlft:process
2026-09-12T14:06:53.000-04:00,T1,T_Machine_Static,busy,0,bool,192,vlft:process
2026-09-12T14:06:53.000-04:00,T1,T_Machine_Static,job_id,127,id,192,vlft:process
2026-09-12T14:06:54.000-04:00,T1,T_Machine_Static,cycle_s,2.0,s,192,vlft:process
2026-09-12T14:06:54.000-04:00,T1,T_Machine_Static,busy,0,bool,192,vlft:process
2026-09-12T14:06:54.000-04:00,T1,T_Machine_Static,job_id,127,id,192,vlft:process
2026-09-12T14:06:55.000-04:00,T1,T_Machine_Static,cycle_s,2.0,s,192,vlft:process
2026-09-12T14:06:55.000-04:00,T1,T_Machine_Static,busy,0,bool,192,vlft:process
2026-09-12T14:06:55.000-04:00,T1,T_Machine_Static,job_id,127,id,192,vlft:process
2026-09-12T14:06:56.000-04:00,T1,T_Machine_Static,cycle_s,2.0,s,192,vlft:process
2026-09-12T14:06:56.000-04:00,T1,T_Machine_Static,busy,1,bool,192,vlft:process
2026-09-12T14:06:56.000-04:00,T1,T_Machine_Static,job_id,128,id,192,vlft:process
2026-09-12T14:06:57.000-04:00,T1,T_Machine_Static,cycle_s,2.0,s,192,vlft:process
2026-09-12T14:06:57.000-04:00,T1,T_Machine_Static,busy,1,bool,192,vlft:process
2026-09-12T14:06:57.000-04:00,T1,T_Machine_Static,job_id,128,id,192,vlft:process
2026-09-12T14:06:58.000-04:00,T1,T_Machine_Static,cycle_s,2.0,s,192,vlft:process
2026-09-12T14:06:58.000-04:00,T1,T_Machine_Static,busy,0,bool,192,vlft:process
2026-09-12T14:06:58.000-04:00,T1,T_Machine_Static,job_id,128,id,192,vlft:process
2026-09-12T14:06:59.000-04:00,T1,T_Machine_Static,cycle_s,2.0,s,192,vlft:process
2026-09-12T14:06:59.000-04:00,T1,T_Machine_Static,busy,0,bool,192,vlft:process
2026-09-12T14:06:59.000-04:00,T1,T_Machine_Static,job_id,128,id,192,vlft:process
2026-09-12T14:07:00.000-04:00,T1,T_Machine_Static,cycle_s,2.0,s,192,vlft:process
2026-09-12T14:07:00.000-04:00,T1,T_Machine_Static,busy,0,bool,192,vlft:process
2026-09-12T14:07:00.000-04:00,T1,T_Machine_Static,job_id,128,id,192,vlft:process
2026-09-12T14:07:01.000-04:00,T1,T_Machine_Static,cycle_s,2.0,s,192,vlft:process
2026-09-12T14:07:01.000-04:00,T1,T_Machine_Static,busy,0,bool,192,vlft:process
2026-09-12T14:07:01.000-04:00,T1,T_Machine_Static,job_id,128,id,192,vlft:process
2026-09-12T14:07:02.000-04:00,T1,T_Machine_Static,cycle_s,2.0,s,192,vlft:process
2026-09-12T14:07:02.000-04:00,T1,T_Machine_Static,busy,0,bool,192,vlft:process
2026-09-12T14:07:02.000-04:00,T1,T_Machine_Static,job_id,128,id,192,vlft:process
2026-09-12T14:07:03.000-04:00,T1,T_Machine_Static,cycle_s,2.0,s,192,vlft:process
2026-09-12T14:07:03.000-04:00,T1,T_Machine_Static,busy,0,bool,192,vlft:process
2026-09-12T14:07:03.000-04:00,T1,T_Machine_Static,job_id,128,id,192,vlft:process
2026-09-12T14:07:04.000-04:00,T1,T_Machine_Static,cycle_s,2.0,s,192,vlft:process
2026-09-12T14:07:04.000-04:00,T1,T_Machine_Static,busy,1,bool,192,vlft:process
2026-09-12T14:07:04.000-04:00,T1,T_Machine_Static,job_id,129,id,192,vlft:process
2026-09-12T14:07:05.000-04:00,T1,T_Machine_Static,cycle_s,2.0,s,192,vlft:process
2026-09-12T14:07:05.000-04:00,T1,T_Machine_Static,busy,1,bool,192,vlft:process
2026-09-12T14:07:05.000-04:00,T1,T_Machine_Static,job_id,129,id,192,vlft:process
2026-09-12T14:07:06.000-04:00,T1,T_Machine_Static,cycle_s,2.0,s,192,vlft:process
2026-09-12T14:07:06.000-04:00,T1,T_Machine_Static,busy,0,bool,192,vlft:process
2026-09-12T14:07:06.000-04:00,T1,T_Machine_Static,job_id,129,id,192,vlft:process
2026-09-12T14:07:07.000-04:00,T1,T_Machine_Static,cycle_s,2.0,s,192,vlft:process
2026-09-12T14:07:07.000-04:00,T1,T_Machine_Static,busy,0,bool,192,vlft:process
2026-09-12T14:07:07.000-04:00,T1,T_Machine_Static,job_id,129,id,192,vlft:process
2026-09-12T14:07:08.000-04:00,T1,T_Machine_Static,cycle_s,2.0,s,192,vlft:process
2026-09-12T14:07:08.000-04:00,T1,T_Machine_Static,busy,0,bool,192,vlft:process
2026-09-12T14:07:08.000-04:00,T1,T_Machine_Static,job_id,129,id,192,vlft:process
2026-09-12T14:07:09.000-04:00,T1,T_Machine_Static,cycle_s,2.0,s,192,vlft:process
2026-09-12T14:07:09.000-04:00,T1,T_Machine_Static,busy,0,bool,192,vlft:process
2026-09-12T14:07:09.000-04:00,T1,T_Machine_Static,job_id,129,id,192,vlft:process
2026-09-12T14:07:10.000-04:00,T1,T_Machine_Static,cycle_s,2.0,s,192,vlft:process
2026-09-12T14:07:10.000-04:00,T1,T_Machine_Static,busy,0,bool,192,vlft:process
2026-09-12T14:07:10.000-04:00,T1,T_Machine_Static,job_id,129,id,192,vlft:process
2026-09-12T14:07:11.000-04:00,T1,T_Machine_Static,cycle_s,2.0,s,192,vlft:process
2026-09-12T14:07:11.000-04:00,T1,T_Machine_Static,busy,0,bool,192,vlft:process
2026-09-12T14:07:11.000-04:00,T1,T_Machine_Static,job_id,129,id,192,vlft:process
2026-09-12T14:07:12.000-04:00,T1,T_Machine_Static,cycle_s,2.0,s,192,vlft:process
2026-09-12T14:07:12.000-04:00,T1,T_Machine_Static,busy,1,bool,192,vlft:process
2026-09-12T14:07:12.000-04:00,T1,T_Machine_Static,job_id,130,id,192,vlft:process
2026-09-12T14:07:13.000-04:00,T1,T_Machine_Static,cycle_s,2.0,s,192,vlft:process
2026-09-12T14:07:13.000-04:00,T1,T_Machine_Static,busy,1,bool,192,vlft:process
2026-09-12T14:07:13.000-04:00,T1,T_Machine_Static,job_id,130,id,192,vlft:process
2026-09-12T14:07:14.000-04:00,T1,T_Machine_Static,cycle_s,2.0,s,192,vlft:process
2026-09-12T14:07:14.000-04:00,T1,T_Machine_Static,busy,0,bool,192,vlft:process
2026-09-12T14:07:14.000-04:00,T1,T_Machine_Static,job_id,130,id,192,vlft:process
2026-09-12T14:07:15.000-04:00,T1,T_Machine_Static,cycle_s,2.0,s,192,vlft:process
2026-09-12T14:07:15.000-04:00,T1,T_Machine_Static,busy,0,bool,192,vlft:process
2026-09-12T14:07:15.000-04:00,T1,T_Machine_Static,job_id,130,id,192,vlft:process
2026-09-12T14:07:16.000-04:00,T1,T_Machine_Static,cycle_s,2.0,s,192,vlft:process
2026-09-12T14:07:16.000-04:00,T1,T_Machine_Static,busy,0,bool,192,vlft:process
2026-09-12T14:07:16.000-04:00,T1,T_Machine_Static,job_id,130,id,192,vlft:process
2026-09-12T14:07:17.000-04:00,T1,T_Machine_Static,cycle_s,2.0,s,192,vlft:process
2026-09-12T14:07:17.000-04:00,T1,T_Machine_Static,busy,0,bool,192,vlft:process
2026-09-12T14:07:17.000-04:00,T1,T_Machine_Static,job_id,130,id,192,vlft:process
2026-09-12T14:07:18.000-04:00,T1,T_Machine_Static,cycle_s,2.0,s,192,vlft:process
2026-09-12T14:07:18.000-04:00,T1,T_Machine_Static,busy,0,bool,192,vlft:process
2026-09-12T14:07:18.000-04:00,T1,T_Machine_Static,job_id,130,id,192,vlft:process
2026-09-12T14:07:19.000-04:00,T1,T_Machine_Static,cycle_s,2.0,s,192,vlft:process
2026-09-12T14:07:19.000-04:00,T1,T_Machine_Static,busy,0,bool,192,vlft:process
2026-09-12T14:07:19.000-04:00,T1,T_Machine_Static,job_id,130,id,192,vlft:process
2026-09-12T14:07:20.000-04:00,T1,T_Machine_Static,cycle_s,2.0,s,192,vlft:process
2026-09-12T14:07:20.000-04:00,T1,T_Machine_Static,busy,1,bool,192,vlft:process
2026-09-12T14:07:20.000-04:00,T1,T_Machine_Static,job_id,131,id,192,vlft:process
2026-09-12T14:07:21.000-04:00,T1,T_Machine_Static,cycle_s,2.0,s,192,vlft:process
2026-09-12T14:07:21.000-04:00,T1,T_Machine_Static,busy,1,bool,192,vlft:process
2026-09-12T14:07:21.000-04:00,T1,T_Machine_Static,job_id,131,id,192,vlft:process
2026-09-12T14:07:22.000-04:00,T1,T_Machine_Static,cycle_s,2.0,s,192,vlft:process
2026-09-12T14:07:22.000-04:00,T1,T_Machine_Static,busy,0,bool,192,vlft:process
2026-09-12T14:07:22.000-04:00,T1,T_Machine_Static,job_id,131,id,192,vlft:process
2026-09-12T14:07:23.000-04:00,T1,T_Machine_Static,cycle_s,2.0,s,192,vlft:process
2026-09-12T14:07:23.000-04:00,T1,T_Machine_Static,busy,0,bool,192,vlft:process
2026-09-12T14:07:23.000-04:00,T1,T_Machine_Static,job_id,131,id,192,vlft:process
2026-09-12T14:07:24.000-04:00,T1,T_Machine_Static,cycle_s,2.0,s,192,vlft:process
2026-09-12T14:07:24.000-04:00,T1,T_Machine_Static,busy,0,bool,192,vlft:process
2026-09-12T14:07:24.000-04:00,T1,T_Machine_Static,job_id,131,id,192,vlft:process
2026-09-12T14:07:25.000-04:00,T1,T_Machine_Static,cycle_s,2.0,s,192,vlft:process
2026-09-12T14:07:25.000-04:00,T1,T_Machine_Static,busy,0,bool,192,vlft:process
2026-09-12T14:07:25.000-04:00,T1,T_Machine_Static,job_id,131,id,192,vlft:process
2026-09-12T14:07:26.000-04:00,T1,T_Machine_Static,cycle_s,2.0,s,192,vlft:process
2026-09-12T14:07:26.000-04:00,T1,T_Machine_Static,busy,0,bool,192,vlft:process
2026-09-12T14:07:26.000-04:00,T1,T_Machine_Static,job_id,131,id,192,vlft:process
2026-09-12T14:07:27.000-04:00,T1,T_Machine_Static,cycle_s,2.0,s,192,vlft:process
2026-09-12T14:07:27.000-04:00,T1,T_Machine_Static,busy,0,bool,192,vlft:process
2026-09-12T14:07:27.000-04:00,T1,T_Machine_Static,job_id,131,id,192,vlft:process
2026-09-12T14:07:28.000-04:00,T1,T_Machine_Static,cycle_s,2.0,s,192,vlft:process
2026-09-12T14:07:28.000-04:00,T1,T_Machine_Static,busy,1,bool,192,vlft:process
2026-09-12T14:07:28.000-04:00,T1,T_Machine_Static,job_id,132,id,192,vlft:process
2026-09-12T14:07:29.000-04:00,T1,T_Machine_Static,cycle_s,2.0,s,192,vlft:process
2026-09-12T14:07:29.000-04:00,T1,T_Machine_Static,busy,1,bool,192,vlft:process
2026-09-12T14:07:29.000-04:00,T1,T_Machine_Static,job_id,132,id,192,vlft:process
2026-09-12T14:07:30.000-04:00,T1,T_Machine_Static,cycle_s,2.0,s,192,vlft:process
2026-09-12T14:07:30.000-04:00,T1,T_Machine_Static,busy,0,bool,192,vlft:process
2026-09-12T14:07:30.000-04:00,T1,T_Machine_Static,job_id,132,id,192,vlft:process
2026-09-12T14:07:31.000-04:00,T1,T_Machine_Static,cycle_s,2.0,s,192,vlft:process
2026-09-12T14:07:31.000-04:00,T1,T_Machine_Static,busy,0,bool,192,vlft:process
2026-09-12T14:07:31.000-04:00,T1,T_Machine_Static,job_id,132,id,192,vlft:process
2026-09-12T14:07:32.000-04:00,T1,T_Machine_Static,cycle_s,2.0,s,192,vlft:process
2026-09-12T14:07:32.000-04:00,T1,T_Machine_Static,busy,0,bool,192,vlft:process
2026-09-12T14:07:32.000-04:00,T1,T_Machine_Static,job_id,132,id,192,vlft:process
2026-09-12T14:07:33.000-04:00,T1,T_Machine_Static,cycle_s,2.0,s,192,vlft:process
2026-09-12T14:07:33.000-04:00,T1,T_Machine_Static,busy,0,bool,192,vlft:process
2026-09-12T14:07:33.000-04:00,T1,T_Machine_Static,job_id,132,id,192,vlft:process
2026-09-12T14:07:34.000-04:00,T1,T_Machine_Static,cycle_s,2.0,s,192,vlft:process
2026-09-12T14:07:34.000-04:00,T1,T_Machine_Static,busy,0,bool,192,vlft:process
2026-09-12T14:07:34.000-04:00,T1,T_Machine_Static,job_id,132,id,192,vlft:process
2026-09-12T14:07:35.000-04:00,T1,T_Machine_Static,cycle_s,2.0,s,192,vlft:process
2026-09-12T14:07:35.000-04:00,T1,T_Machine_Static,busy,0,bool,192,vlft:process
2026-09-12T14:07:35.000-04:00,T1,T_Machine_Static,job_id,132,id,192,vlft:process
2026-09-12T14:07:36.000-04:00,T1,T_Machine_Static,cycle_s,2.0,s,192,vlft:process
2026-09-12T14:07:36.000-04:00,T1,T_Machine_Static,busy,1,bool,192,vlft:process
2026-09-12T14:07:36.000-04:00,T1,T_Machine_Static,job_id,133,id,192,vlft:process
2026-09-12T14:07:37.000-04:00,T1,T_Machine_Static,cycle_s,2.0,s,192,vlft:process
2026-09-12T14:07:37.000-04:00,T1,T_Machine_Static,busy,1,bool,192,vlft:process
2026-09-12T14:07:37.000-04:00,T1,T_Machine_Static,job_id,133,id,192,vlft:process
2026-09-12T14:07:38.000-04:00,T1,T_Machine_Static,cycle_s,2.0,s,192,vlft:process
2026-09-12T14:07:38.000-04:00,T1,T_Machine_Static,busy,0,bool,192,vlft:process
2026-09-12T14:07:38.000-04:00,T1,T_Machine_Static,job_id,133,id,192,vlft:process
2026-09-12T14:07:39.000-04:00,T1,T_Machine_Static,cycle_s,2.0,s,192,vlft:process
2026-09-12T14:07:39.000-04:00,T1,T_Machine_Static,busy,0,bool,192,vlft:process
2026-09-12T14:07:39.000-04:00,T1,T_Machine_Static,job_id,133,id,192,vlft:process
2026-09-12T14:07:40.000-04:00,T1,T_Machine_Static,cycle_s,2.0,s,192,vlft:process
2026-09-12T14:07:40.000-04:00,T1,T_Machine_Static,busy,0,bool,192,vlft:process
2026-09-12T14:07:40.000-04:00,T1,T_Machine_Static,job_id,133,id,192,vlft:process
2026-09-12T14:07:41.000-04:00,T1,T_Machine_Static,cycle_s,2.0,s,192,vlft:process
2026-09-12T14:07:41.000-04:00,T1,T_Machine_Static,busy,0,bool,192,vlft:process
2026-09-12T14:07:41.000-04:00,T1,T_Machine_Static,job_id,133,id,192,vlft:process
2026-09-12T14:07:42.000-04:00,T1,T_Machine_Static,cycle_s,2.0,s,192,vlft:process
2026-09-12T14:07:42.000-04:00,T1,T_Machine_Static,busy,0,bool,192,vlft:process
2026-09-12T14:07:42.000-04:00,T1,T_Machine_Static,job_id,133,id,192,vlft:process
2026-09-12T14:07:43.000-04:00,T1,T_Machine_Static,cycle_s,2.0,s,192,vlft:process
2026-09-12T14:07:43.000-04:00,T1,T_Machine_Static,busy,0,bool,192,vlft:process
2026-09-12T14:07:43.000-04:00,T1,T_Machine_Static,job_id,133,id,192,vlft:process
2026-09-12T14:07:44.000-04:00,T1,T_Machine_Static,cycle_s,2.0,s,192,vlft:process
2026-09-12T14:07:44.000-04:00,T1,T_Machine_Static,busy,1,bool,192,vlft:process
2026-09-12T14:07:44.000-04:00,T1,T_Machine_Static,job_id,134,id,192,vlft:process
2026-09-12T14:07:45.000-04:00,T1,T_Machine_Static,cycle_s,2.0,s,192,vlft:process
2026-09-12T14:07:45.000-04:00,T1,T_Machine_Static,busy,1,bool,192,vlft:process
2026-09-12T14:07:45.000-04:00,T1,T_Machine_Static,job_id,134,id,192,vlft:process
2026-09-12T14:07:46.000-04:00,T1,T_Machine_Static,cycle_s,2.0,s,192,vlft:process
2026-09-12T14:07:46.000-04:00,T1,T_Machine_Static,busy,0,bool,192,vlft:process
2026-09-12T14:07:46.000-04:00,T1,T_Machine_Static,job_id,134,id,192,vlft:process
2026-09-12T14:07:47.000-04:00,T1,T_Machine_Static,cycle_s,2.0,s,192,vlft:process
2026-09-12T14:07:47.000-04:00,T1,T_Machine_Static,busy,0,bool,192,vlft:process
2026-09-12T14:07:47.000-04:00,T1,T_Machine_Static,job_id,134,id,192,vlft:process
2026-09-12T14:07:48.000-04:00,T1,T_Machine_Static,cycle_s,2.0,s,192,vlft:process
2026-09-12T14:07:48.000-04:00,T1,T_Machine_Static,busy,0,bool,192,vlft:process
2026-09-12T14:07:48.000-04:00,T1,T_Machine_Static,job_id,134,id,192,vlft:process
2026-09-12T14:07:49.000-04:00,T1,T_Machine_Static,cycle_s,2.0,s,192,vlft:process
2026-09-12T14:07:49.000-04:00,T1,T_Machine_Static,busy,0,bool,192,vlft:process
2026-09-12T14:07:49.000-04:00,T1,T_Machine_Static,job_id,134,id,192,vlft:process
2026-09-12T14:07:50.000-04:00,T1,T_Machine_Static,cycle_s,2.0,s,192,vlft:process
2026-09-12T14:07:50.000-04:00,T1,T_Machine_Static,busy,0,bool,192,vlft:process
2026-09-12T14:07:50.000-04:00,T1,T_Machine_Static,job_id,134,id,192,vlft:process
2026-09-12T14:07:51.000-04:00,T1,T_Machine_Static,cycle_s,2.0,s,192,vlft:process
2026-09-12T14:07:51.000-04:00,T1,T_Machine_Static,busy,0,bool,192,vlft:process
2026-09-12T14:07:51.000-04:00,T1,T_Machine_Static,job_id,134,id,192,vlft:process
2026-09-12T14:07:52.000-04:00,T1,T_Machine_Static,cycle_s,2.0,s,192,vlft:process
2026-09-12T14:07:52.000-04:00,T1,T_Machine_Static,busy,1,bool,192,vlft:process
2026-09-12T14:07:52.000-04:00,T1,T_Machine_Static,job_id,135,id,192,vlft:process
2026-09-12T14:07:53.000-04:00,T1,T_Machine_Static,cycle_s,2.0,s,192,vlft:process
2026-09-12T14:07:53.000-04:00,T1,T_Machine_Static,busy,1,bool,192,vlft:process
2026-09-12T14:07:53.000-04:00,T1,T_Machine_Static,job_id,135,id,192,vlft:process
2026-09-12T14:07:54.000-04:00,T1,T_Machine_Static,cycle_s,2.0,s,192,vlft:process
2026-09-12T14:07:54.000-04:00,T1,T_Machine_Static,busy,0,bool,192,vlft:process
2026-09-12T14:07:54.000-04:00,T1,T_Machine_Static,job_id,135,id,192,vlft:process
2026-09-12T14:07:55.000-04:00,T1,T_Machine_Static,cycle_s,2.0,s,192,vlft:process
2026-09-12T14:07:55.000-04:00,T1,T_Machine_Static,busy,0,bool,192,vlft:process
2026-09-12T14:07:55.000-04:00,T1,T_Machine_Static,job_id,135,id,192,vlft:process
2026-09-12T14:07:56.000-04:00,T1,T_Machine_Static,cycle_s,2.0,s,192,vlft:process
2026-09-12T14:07:56.000-04:00,T1,T_Machine_Static,busy,0,bool,192,vlft:process
2026-09-12T14:07:56.000-04:00,T1,T_Machine_Static,job_id,135,id,192,vlft:process
2026-09-12T14:07:57.000-04:00,T1,T_Machine_Static,cycle_s,2.0,s,192,vlft:process
2026-09-12T14:07:57.000-04:00,T1,T_Machine_Static,busy,0,bool,192,vlft:process
2026-09-12T14:07:57.000-04:00,T1,T_Machine_Static,job_id,135,id,192,vlft:process
2026-09-12T14:07:58.000-04:00,T1,T_Machine_Static,cycle_s,2.0,s,192,vlft:process
2026-09-12T14:07:58.000-04:00,T1,T_Machine_Static,busy,0,bool,192,vlft:process
2026-09-12T14:07:58.000-04:00,T1,T_Machine_Static,job_id,135,id,192,vlft:process
2026-09-12T14:07:59.000-04:00,T1,T_Machine_Static,cycle_s,2.0,s,192,vlft:process
2026-09-12T14:07:59.000-04:00,T1,T_Machine_Static,busy,0,bool,192,vlft:process
2026-09-12T14:07:59.000-04:00,T1,T_Machine_Static,job_id,135,id,192,vlft:process
2026-09-12T14:08:00.000-04:00,T1,T_Machine_Static,cycle_s,2.0,s,192,vlft:process
2026-09-12T14:08:00.000-04:00,T1,T_Machine_Static,busy,1,bool,192,vlft:process
2026-09-12T14:08:00.000-04:00,T1,T_Machine_Static,job_id,136,id,192,vlft:process
2026-09-12T14:08:01.000-04:00,T1,T_Machine_Static,cycle_s,2.0,s,192,vlft:process
2026-09-12T14:08:01.000-04:00,T1,T_Machine_Static,busy,1,bool,192,vlft:process
2026-09-12T14:08:01.000-04:00,T1,T_Machine_Static,job_id,136,id,192,vlft:process
2026-09-12T14:08:02.000-04:00,T1,T_Machine_Static,cycle_s,2.0,s,192,vlft:process
2026-09-12T14:08:02.000-04:00,T1,T_Machine_Static,busy,0,bool,192,vlft:process
2026-09-12T14:08:02.000-04:00,T1,T_Machine_Static,job_id,136,id,192,vlft:process
2026-09-12T14:08:03.000-04:00,T1,T_Machine_Static,cycle_s,2.0,s,192,vlft:process
2026-09-12T14:08:03.000-04:00,T1,T_Machine_Static,busy,0,bool,192,vlft:process
2026-09-12T14:08:03.000-04:00,T1,T_Machine_Static,job_id,136,id,192,vlft:process
2026-09-12T14:08:04.000-04:00,T1,T_Machine_Static,cycle_s,2.0,s,192,vlft:process
2026-09-12T14:08:04.000-04:00,T1,T_Machine_Static,busy,0,bool,192,vlft:process
2026-09-12T14:08:04.000-04:00,T1,T_Machine_Static,job_id,136,id,192,vlft:process
2026-09-12T14:08:05.000-04:00,T1,T_Machine_Static,cycle_s,2.0,s,192,vlft:process
2026-09-12T14:08:05.000-04:00,T1,T_Machine_Static,busy,0,bool,192,vlft:process
2026-09-12T14:08:05.000-04:00,T1,T_Machine_Static,job_id,136,id,192,vlft:process
2026-09-12T14:08:06.000-04:00,T1,T_Machine_Static,cycle_s,2.0,s,192,vlft:process
2026-09-12T14:08:06.000-04:00,T1,T_Machine_Static,busy,0,bool,192,vlft:process
2026-09-12T14:08:06.000-04:00,T1,T_Machine_Static,job_id,136,id,192,vlft:process
2026-09-12T14:08:07.000-04:00,T1,T_Machine_Static,cycle_s,2.0,s,192,vlft:process
2026-09-12T14:08:07.000-04:00,T1,T_Machine_Static,busy,0,bool,192,vlft:process
2026-09-12T14:08:07.000-04:00,T1,T_Machine_Static,job_id,136,id,192,vlft:process
2026-09-12T14:08:08.000-04:00,T1,T_Machine_Static,cycle_s,2.0,s,192,vlft:process
2026-09-12T14:08:08.000-04:00,T1,T_Machine_Static,busy,1,bool,192,vlft:process
2026-09-12T14:08:08.000-04:00,T1,T_Machine_Static,job_id,137,id,192,vlft:process
2026-09-12T14:08:09.000-04:00,T1,T_Machine_Static,cycle_s,2.0,s,192,vlft:process
2026-09-12T14:08:09.000-04:00,T1,T_Machine_Static,busy,1,bool,192,vlft:process
2026-09-12T14:08:09.000-04:00,T1,T_Machine_Static,job_id,137,id,192,vlft:process
2026-09-12T14:08:10.000-04:00,T1,T_Machine_Static,cycle_s,2.0,s,192,vlft:process
2026-09-12T14:08:10.000-04:00,T1,T_Machine_Static,busy,0,bool,192,vlft:process
2026-09-12T14:08:10.000-04:00,T1,T_Machine_Static,job_id,137,id,192,vlft:process
2026-09-12T14:08:11.000-04:00,T1,T_Machine_Static,cycle_s,2.0,s,192,vlft:process
2026-09-12T14:08:11.000-04:00,T1,T_Machine_Static,busy,0,bool,192,vlft:process
2026-09-12T14:08:11.000-04:00,T1,T_Machine_Static,job_id,137,id,192,vlft:process
2026-09-12T14:08:12.000-04:00,T1,T_Machine_Static,cycle_s,2.0,s,192,vlft:process
2026-09-12T14:08:12.000-04:00,T1,T_Machine_Static,busy,0,bool,192,vlft:process
2026-09-12T14:08:12.000-04:00,T1,T_Machine_Static,job_id,137,id,192,vlft:process
2026-09-12T14:08:13.000-04:00,T1,T_Machine_Static,cycle_s,2.0,s,192,vlft:process
2026-09-12T14:08:13.000-04:00,T1,T_Machine_Static,busy,0,bool,192,vlft:process
2026-09-12T14:08:13.000-04:00,T1,T_Machine_Static,job_id,137,id,192,vlft:process
2026-09-12T14:08:14.000-04:00,T1,T_Machine_Static,cycle_s,2.0,s,192,vlft:process
2026-09-12T14:08:14.000-04:00,T1,T_Machine_Static,busy,0,bool,192,vlft:process
2026-09-12T14:08:14.000-04:00,T1,T_Machine_Static,job_id,137,id,192,vlft:process
2026-09-12T14:08:15.000-04:00,T1,T_Machine_Static,cycle_s,2.0,s,192,vlft:process
2026-09-12T14:08:15.000-04:00,T1,T_Machine_Static,busy,0,bool,192,vlft:process
2026-09-12T14:08:15.000-04:00,T1,T_Machine_Static,job_id,137,id,192,vlft:process
2026-09-12T14:08:16.000-04:00,T1,T_Machine_Static,cycle_s,2.0,s,192,vlft:process
2026-09-12T14:08:16.000-04:00,T1,T_Machine_Static,busy,1,bool,192,vlft:process
2026-09-12T14:08:16.000-04:00,T1,T_Machine_Static,job_id,138,id,192,vlft:process
2026-09-12T14:08:17.000-04:00,T1,T_Machine_Static,cycle_s,2.0,s,192,vlft:process
2026-09-12T14:08:17.000-04:00,T1,T_Machine_Static,busy,1,bool,192,vlft:process
2026-09-12T14:08:17.000-04:00,T1,T_Machine_Static,job_id,138,id,192,vlft:process
2026-09-12T14:08:18.000-04:00,T1,T_Machine_Static,cycle_s,2.0,s,192,vlft:process
2026-09-12T14:08:18.000-04:00,T1,T_Machine_Static,busy,0,bool,192,vlft:process
2026-09-12T14:08:18.000-04:00,T1,T_Machine_Static,job_id,138,id,192,vlft:process
2026-09-12T14:08:19.000-04:00,T1,T_Machine_Static,cycle_s,2.0,s,192,vlft:process
2026-09-12T14:08:19.000-04:00,T1,T_Machine_Static,busy,0,bool,192,vlft:process
2026-09-12T14:08:19.000-04:00,T1,T_Machine_Static,job_id,138,id,192,vlft:process
2026-09-12T14:08:20.000-04:00,T1,T_Machine_Static,cycle_s,2.0,s,192,vlft:process
2026-09-12T14:08:20.000-04:00,T1,T_Machine_Static,busy,0,bool,192,vlft:process
2026-09-12T14:08:20.000-04:00,T1,T_Machine_Static,job_id,138,id,192,vlft:process
2026-09-12T14:08:21.000-04:00,T1,T_Machine_Static,cycle_s,2.0,s,192,vlft:process
2026-09-12T14:08:21.000-04:00,T1,T_Machine_Static,busy,0,bool,192,vlft:process
2026-09-12T14:08:21.000-04:00,T1,T_Machine_Static,job_id,138,id,192,vlft:process
2026-09-12T14:08:22.000-04:00,T1,T_Machine_Static,cycle_s,2.0,s,192,vlft:process
2026-09-12T14:08:22.000-04:00,T1,T_Machine_Static,busy,0,bool,192,vlft:process
2026-09-12T14:08:22.000-04:00,T1,T_Machine_Static,job_id,138,id,192,vlft:process
2026-09-12T14:08:23.000-04:00,T1,T_Machine_Static,cycle_s,2.0,s,192,vlft:process
2026-09-12T14:08:23.000-04:00,T1,T_Machine_Static,busy,0,bool,192,vlft:process
2026-09-12T14:08:23.000-04:00,T1,T_Machine_Static,job_id,138,id,192,vlft:process
2026-09-12T14:08:24.000-04:00,T1,T_Machine_Static,cycle_s,2.0,s,192,vlft:process
2026-09-12T14:08:24.000-04:00,T1,T_Machine_Static,busy,1,bool,192,vlft:process
2026-09-12T14:08:24.000-04:00,T1,T_Machine_Static,job_id,139,id,192,vlft:process
2026-09-12T14:08:25.000-04:00,T1,T_Machine_Static,cycle_s,2.0,s,192,vlft:process
2026-09-12T14:08:25.000-04:00,T1,T_Machine_Static,busy,1,bool,192,vlft:process
2026-09-12T14:08:25.000-04:00,T1,T_Machine_Static,job_id,139,id,192,vlft:process
2026-09-12T14:08:26.000-04:00,T1,T_Machine_Static,cycle_s,2.0,s,192,vlft:process
2026-09-12T14:08:26.000-04:00,T1,T_Machine_Static,busy,0,bool,192,vlft:process
2026-09-12T14:08:26.000-04:00,T1,T_Machine_Static,job_id,139,id,192,vlft:process
2026-09-12T14:08:27.000-04:00,T1,T_Machine_Static,cycle_s,2.0,s,192,vlft:process
2026-09-12T14:08:27.000-04:00,T1,T_Machine_Static,busy,0,bool,192,vlft:process
2026-09-12T14:08:27.000-04:00,T1,T_Machine_Static,job_id,139,id,192,vlft:process
2026-09-12T14:08:28.000-04:00,T1,T_Machine_Static,cycle_s,2.0,s,192,vlft:process
2026-09-12T14:08:28.000-04:00,T1,T_Machine_Static,busy,0,bool,192,vlft:process
2026-09-12T14:08:28.000-04:00,T1,T_Machine_Static,job_id,139,id,192,vlft:process
2026-09-12T14:08:29.000-04:00,T1,T_Machine_Static,cycle_s,2.0,s,192,vlft:process
2026-09-12T14:08:29.000-04:00,T1,T_Machine_Static,busy,0,bool,192,vlft:process
2026-09-12T14:08:29.000-04:00,T1,T_Machine_Static,job_id,139,id,192,vlft:process
2026-09-12T14:08:30.000-04:00,T1,T_Machine_Static,cycle_s,2.0,s,192,vlft:process
2026-09-12T14:08:30.000-04:00,T1,T_Machine_Static,busy,0,bool,192,vlft:process
2026-09-12T14:08:30.000-04:00,T1,T_Machine_Static,job_id,139,id,192,vlft:process
2026-09-12T14:08:31.000-04:00,T1,T_Machine_Static,cycle_s,2.0,s,192,vlft:process
2026-09-12T14:08:31.000-04:00,T1,T_Machine_Static,busy,0,bool,192,vlft:process
2026-09-12T14:08:31.000-04:00,T1,T_Machine_Static,job_id,139,id,192,vlft:process
2026-09-12T14:08:32.000-04:00,T1,T_Machine_Static,cycle_s,2.0,s,192,vlft:process
2026-09-12T14:08:32.000-04:00,T1,T_Machine_Static,busy,1,bool,192,vlft:process
2026-09-12T14:08:32.000-04:00,T1,T_Machine_Static,job_id,140,id,192,vlft:process
2026-09-12T14:08:33.000-04:00,T1,T_Machine_Static,cycle_s,2.0,s,192,vlft:process
2026-09-12T14:08:33.000-04:00,T1,T_Machine_Static,busy,1,bool,192,vlft:process
2026-09-12T14:08:33.000-04:00,T1,T_Machine_Static,job_id,140,id,192,vlft:process
2026-09-12T14:08:34.000-04:00,T1,T_Machine_Static,cycle_s,2.0,s,192,vlft:process
2026-09-12T14:08:34.000-04:00,T1,T_Machine_Static,busy,0,bool,192,vlft:process
2026-09-12T14:08:34.000-04:00,T1,T_Machine_Static,job_id,140,id,192,vlft:process
2026-09-12T14:08:35.000-04:00,T1,T_Machine_Static,cycle_s,2.0,s,192,vlft:process
2026-09-12T14:08:35.000-04:00,T1,T_Machine_Static,busy,0,bool,192,vlft:process
2026-09-12T14:08:35.000-04:00,T1,T_Machine_Static,job_id,140,id,192,vlft:process
2026-09-12T14:08:36.000-04:00,T1,T_Machine_Static,cycle_s,2.0,s,192,vlft:process
2026-09-12T14:08:36.000-04:00,T1,T_Machine_Static,busy,0,bool,192,vlft:process
2026-09-12T14:08:36.000-04:00,T1,T_Machine_Static,job_id,140,id,192,vlft:process
2026-09-12T14:08:37.000-04:00,T1,T_Machine_Static,cycle_s,2.0,s,192,vlft:process
2026-09-12T14:08:37.000-04:00,T1,T_Machine_Static,busy,0,bool,192,vlft:process
2026-09-12T14:08:37.000-04:00,T1,T_Machine_Static,job_id,140,id,192,vlft:process
2026-09-12T14:08:38.000-04:00,T1,T_Machine_Static,cycle_s,2.0,s,192,vlft:process
2026-09-12T14:08:38.000-04:00,T1,T_Machine_Static,busy,0,bool,192,vlft:process
2026-09-12T14:08:38.000-04:00,T1,T_Machine_Static,job_id,140,id,192,vlft:process
2026-09-12T14:08:39.000-04:00,T1,T_Machine_Static,cycle_s,2.0,s,192,vlft:process
2026-09-12T14:08:39.000-04:00,T1,T_Machine_Static,busy,0,bool,192,vlft:process
2026-09-12T14:08:39.000-04:00,T1,T_Machine_Static,job_id,140,id,192,vlft:process
2026-09-12T14:08:40.000-04:00,T1,T_Machine_Static,cycle_s,2.0,s,192,vlft:process
2026-09-12T14:08:40.000-04:00,T1,T_Machine_Static,busy,1,bool,192,vlft:process
2026-09-12T14:08:40.000-04:00,T1,T_Machine_Static,job_id,141,id,192,vlft:process
2026-09-12T14:08:41.000-04:00,T1,T_Machine_Static,cycle_s,2.0,s,192,vlft:process
2026-09-12T14:08:41.000-04:00,T1,T_Machine_Static,busy,1,bool,192,vlft:process
2026-09-12T14:08:41.000-04:00,T1,T_Machine_Static,job_id,141,id,192,vlft:process
2026-09-12T14:08:42.000-04:00,T1,T_Machine_Static,cycle_s,2.0,s,192,vlft:process
2026-09-12T14:08:42.000-04:00,T1,T_Machine_Static,busy,0,bool,192,vlft:process
2026-09-12T14:08:42.000-04:00,T1,T_Machine_Static,job_id,141,id,192,vlft:process
2026-09-12T14:08:43.000-04:00,T1,T_Machine_Static,cycle_s,2.0,s,192,vlft:process
2026-09-12T14:08:43.000-04:00,T1,T_Machine_Static,busy,0,bool,192,vlft:process
2026-09-12T14:08:43.000-04:00,T1,T_Machine_Static,job_id,141,id,192,vlft:process
2026-09-12T14:08:44.000-04:00,T1,T_Machine_Static,cycle_s,2.0,s,192,vlft:process
2026-09-12T14:08:44.000-04:00,T1,T_Machine_Static,busy,0,bool,192,vlft:process
2026-09-12T14:08:44.000-04:00,T1,T_Machine_Static,job_id,141,id,192,vlft:process
2026-09-12T14:08:45.000-04:00,T1,T_Machine_Static,cycle_s,2.0,s,192,vlft:process
2026-09-12T14:08:45.000-04:00,T1,T_Machine_Static,busy,0,bool,192,vlft:process
2026-09-12T14:08:45.000-04:00,T1,T_Machine_Static,job_id,141,id,192,vlft:process
2026-09-12T14:08:46.000-04:00,T1,T_Machine_Static,cycle_s,2.0,s,192,vlft:process
2026-09-12T14:08:46.000-04:00,T1,T_Machine_Static,busy,0,bool,192,vlft:process
2026-09-12T14:08:46.000-04:00,T1,T_Machine_Static,job_id,141,id,192,vlft:process
2026-09-12T14:08:47.000-04:00,T1,T_Machine_Static,cycle_s,2.0,s,192,vlft:process
2026-09-12T14:08:47.000-04:00,T1,T_Machine_Static,busy,0,bool,192,vlft:process
2026-09-12T14:08:47.000-04:00,T1,T_Machine_Static,job_id,141,id,192,vlft:process
2026-09-12T14:08:48.000-04:00,T1,T_Machine_Static,cycle_s,2.0,s,192,vlft:process
2026-09-12T14:08:48.000-04:00,T1,T_Machine_Static,busy,1,bool,192,vlft:process
2026-09-12T14:08:48.000-04:00,T1,T_Machine_Static,job_id,142,id,192,vlft:process
2026-09-12T14:08:49.000-04:00,T1,T_Machine_Static,cycle_s,2.0,s,192,vlft:process
2026-09-12T14:08:49.000-04:00,T1,T_Machine_Static,busy,1,bool,192,vlft:process
2026-09-12T14:08:49.000-04:00,T1,T_Machine_Static,job_id,142,id,192,vlft:process
2026-09-12T14:08:50.000-04:00,T1,T_Machine_Static,cycle_s,2.0,s,192,vlft:process
2026-09-12T14:08:50.000-04:00,T1,T_Machine_Static,busy,0,bool,192,vlft:process
2026-09-12T14:08:50.000-04:00,T1,T_Machine_Static,job_id,142,id,192,vlft:process
2026-09-12T14:08:51.000-04:00,T1,T_Machine_Static,cycle_s,2.0,s,192,vlft:process
2026-09-12T14:08:51.000-04:00,T1,T_Machine_Static,busy,0,bool,192,vlft:process
2026-09-12T14:08:51.000-04:00,T1,T_Machine_Static,job_id,142,id,192,vlft:process
2026-09-12T14:08:52.000-04:00,T1,T_Machine_Static,cycle_s,2.0,s,192,vlft:process
2026-09-12T14:08:52.000-04:00,T1,T_Machine_Static,busy,0,bool,192,vlft:process
2026-09-12T14:08:52.000-04:00,T1,T_Machine_Static,job_id,142,id,192,vlft:process
2026-09-12T14:08:53.000-04:00,T1,T_Machine_Static,cycle_s,2.0,s,192,vlft:process
2026-09-12T14:08:53.000-04:00,T1,T_Machine_Static,busy,0,bool,192,vlft:process
2026-09-12T14:08:53.000-04:00,T1,T_Machine_Static,job_id,142,id,192,vlft:process
2026-09-12T14:08:54.000-04:00,T1,T_Machine_Static,cycle_s,2.0,s,192,vlft:process
2026-09-12T14:08:54.000-04:00,T1,T_Machine_Static,busy,0,bool,192,vlft:process
2026-09-12T14:08:54.000-04:00,T1,T_Machine_Static,job_id,142,id,192,vlft:process
2026-09-12T14:08:55.000-04:00,T1,T_Machine_Static,cycle_s,2.0,s,192,vlft:process
2026-09-12T14:08:55.000-04:00,T1,T_Machine_Static,busy,0,bool,192,vlft:process
2026-09-12T14:08:55.000-04:00,T1,T_Machine_Static,job_id,142,id,192,vlft:process
2026-09-12T14:08:56.000-04:00,T1,T_Machine_Static,cycle_s,2.0,s,192,vlft:process
2026-09-12T14:08:56.000-04:00,T1,T_Machine_Static,busy,1,bool,192,vlft:process
2026-09-12T14:08:56.000-04:00,T1,T_Machine_Static,job_id,143,id,192,vlft:process
2026-09-12T14:08:57.000-04:00,T1,T_Machine_Static,cycle_s,2.0,s,192,vlft:process
2026-09-12T14:08:57.000-04:00,T1,T_Machine_Static,busy,1,bool,192,vlft:process
2026-09-12T14:08:57.000-04:00,T1,T_Machine_Static,job_id,143,id,192,vlft:process
2026-09-12T14:08:58.000-04:00,T1,T_Machine_Static,cycle_s,2.0,s,192,vlft:process
2026-09-12T14:08:58.000-04:00,T1,T_Machine_Static,busy,0,bool,192,vlft:process
2026-09-12T14:08:58.000-04:00,T1,T_Machine_Static,job_id,143,id,192,vlft:process
2026-09-12T14:08:59.000-04:00,T1,T_Machine_Static,cycle_s,2.0,s,192,vlft:process
2026-09-12T14:08:59.000-04:00,T1,T_Machine_Static,busy,0,bool,192,vlft:process
2026-09-12T14:08:59.000-04:00,T1,T_Machine_Static,job_id,143,id,192,vlft:process
2026-09-12T14:09:00.000-04:00,T1,T_Machine_Static,cycle_s,2.0,s,192,vlft:process
2026-09-12T14:09:00.000-04:00,T1,T_Machine_Static,busy,0,bool,192,vlft:process
2026-09-12T14:09:00.000-04:00,T1,T_Machine_Static,job_id,143,id,192,vlft:process
2026-09-12T14:09:01.000-04:00,T1,T_Machine_Static,cycle_s,2.0,s,192,vlft:process
2026-09-12T14:09:01.000-04:00,T1,T_Machine_Static,busy,0,bool,192,vlft:process
2026-09-12T14:09:01.000-04:00,T1,T_Machine_Static,job_id,143,id,192,vlft:process
2026-09-12T14:09:02.000-04:00,T1,T_Machine_Static,cycle_s,2.0,s,192,vlft:process
2026-09-12T14:09:02.000-04:00,T1,T_Machine_Static,busy,0,bool,192,vlft:process
2026-09-12T14:09:02.000-04:00,T1,T_Machine_Static,job_id,143,id,192,vlft:process
2026-09-12T14:09:03.000-04:00,T1,T_Machine_Static,cycle_s,2.0,s,192,vlft:process
2026-09-12T14:09:03.000-04:00,T1,T_Machine_Static,busy,0,bool,192,vlft:process
2026-09-12T14:09:03.000-04:00,T1,T_Machine_Static,job_id,143,id,192,vlft:process
2026-09-12T14:09:04.000-04:00,T1,T_Machine_Static,cycle_s,2.0,s,192,vlft:process
2026-09-12T14:09:04.000-04:00,T1,T_Machine_Static,busy,1,bool,192,vlft:process
2026-09-12T14:09:04.000-04:00,T1,T_Machine_Static,job_id,144,id,192,vlft:process
2026-09-12T14:09:05.000-04:00,T1,T_Machine_Static,cycle_s,2.0,s,192,vlft:process
2026-09-12T14:09:05.000-04:00,T1,T_Machine_Static,busy,1,bool,192,vlft:process
2026-09-12T14:09:05.000-04:00,T1,T_Machine_Static,job_id,144,id,192,vlft:process
2026-09-12T14:09:06.000-04:00,T1,T_Machine_Static,cycle_s,2.0,s,192,vlft:process
2026-09-12T14:09:06.000-04:00,T1,T_Machine_Static,busy,0,bool,192,vlft:process
2026-09-12T14:09:06.000-04:00,T1,T_Machine_Static,job_id,144,id,192,vlft:process
2026-09-12T14:09:07.000-04:00,T1,T_Machine_Static,cycle_s,2.0,s,192,vlft:process
2026-09-12T14:09:07.000-04:00,T1,T_Machine_Static,busy,0,bool,192,vlft:process
2026-09-12T14:09:07.000-04:00,T1,T_Machine_Static,job_id,144,id,192,vlft:process
2026-09-12T14:09:08.000-04:00,T1,T_Machine_Static,cycle_s,2.0,s,192,vlft:process
2026-09-12T14:09:08.000-04:00,T1,T_Machine_Static,busy,0,bool,192,vlft:process
2026-09-12T14:09:08.000-04:00,T1,T_Machine_Static,job_id,144,id,192,vlft:process
2026-09-12T14:09:09.000-04:00,T1,T_Machine_Static,cycle_s,2.0,s,192,vlft:process
2026-09-12T14:09:09.000-04:00,T1,T_Machine_Static,busy,0,bool,192,vlft:process
2026-09-12T14:09:09.000-04:00,T1,T_Machine_Static,job_id,144,id,192,vlft:process
2026-09-12T14:09:10.000-04:00,T1,T_Machine_Static,cycle_s,2.0,s,192,vlft:process
2026-09-12T14:09:10.000-04:00,T1,T_Machine_Static,busy,0,bool,192,vlft:process
2026-09-12T14:09:10.000-04:00,T1,T_Machine_Static,job_id,144,id,192,vlft:process
2026-09-12T14:09:11.000-04:00,T1,T_Machine_Static,cycle_s,2.0,s,192,vlft:process
2026-09-12T14:09:11.000-04:00,T1,T_Machine_Static,busy,0,bool,192,vlft:process
2026-09-12T14:09:11.000-04:00,T1,T_Machine_Static,job_id,144,id,192,vlft:process
2026-09-12T14:09:12.000-04:00,T1,T_Machine_Static,cycle_s,2.0,s,192,vlft:process
2026-09-12T14:09:12.000-04:00,T1,T_Machine_Static,busy,1,bool,192,vlft:process
2026-09-12T14:09:12.000-04:00,T1,T_Machine_Static,job_id,145,id,192,vlft:process
2026-09-12T14:09:13.000-04:00,T1,T_Machine_Static,cycle_s,2.0,s,192,vlft:process
2026-09-12T14:09:13.000-04:00,T1,T_Machine_Static,busy,1,bool,192,vlft:process
2026-09-12T14:09:13.000-04:00,T1,T_Machine_Static,job_id,145,id,192,vlft:process
2026-09-12T14:09:14.000-04:00,T1,T_Machine_Static,cycle_s,2.0,s,192,vlft:process
2026-09-12T14:09:14.000-04:00,T1,T_Machine_Static,busy,0,bool,192,vlft:process
2026-09-12T14:09:14.000-04:00,T1,T_Machine_Static,job_id,145,id,192,vlft:process
2026-09-12T14:09:15.000-04:00,T1,T_Machine_Static,cycle_s,2.0,s,192,vlft:process
2026-09-12T14:09:15.000-04:00,T1,T_Machine_Static,busy,0,bool,192,vlft:process
2026-09-12T14:09:15.000-04:00,T1,T_Machine_Static,job_id,145,id,192,vlft:process
2026-09-12T14:09:16.000-04:00,T1,T_Machine_Static,cycle_s,2.0,s,192,vlft:process
2026-09-12T14:09:16.000-04:00,T1,T_Machine_Static,busy,0,bool,192,vlft:process
2026-09-12T14:09:16.000-04:00,T1,T_Machine_Static,job_id,145,id,192,vlft:process
2026-09-12T14:09:17.000-04:00,T1,T_Machine_Static,cycle_s,2.0,s,192,vlft:process
2026-09-12T14:09:17.000-04:00,T1,T_Machine_Static,busy,0,bool,192,vlft:process
2026-09-12T14:09:17.000-04:00,T1,T_Machine_Static,job_id,145,id,192,vlft:process
2026-09-12T14:09:18.000-04:00,T1,T_Machine_Static,cycle_s,2.0,s,192,vlft:process
2026-09-12T14:09:18.000-04:00,T1,T_Machine_Static,busy,0,bool,192,vlft:process
2026-09-12T14:09:18.000-04:00,T1,T_Machine_Static,job_id,145,id,192,vlft:process
2026-09-12T14:09:19.000-04:00,T1,T_Machine_Static,cycle_s,2.0,s,192,vlft:process
2026-09-12T14:09:19.000-04:00,T1,T_Machine_Static,busy,0,bool,192,vlft:process
2026-09-12T14:09:19.000-04:00,T1,T_Machine_Static,job_id,145,id,192,vlft:process
2026-09-12T14:09:20.000-04:00,T1,T_Machine_Static,cycle_s,2.0,s,192,vlft:process
2026-09-12T14:09:20.000-04:00,T1,T_Machine_Static,busy,1,bool,192,vlft:process
2026-09-12T14:09:20.000-04:00,T1,T_Machine_Static,job_id,146,id,192,vlft:process
2026-09-12T14:09:21.000-04:00,T1,T_Machine_Static,cycle_s,2.0,s,192,vlft:process
2026-09-12T14:09:21.000-04:00,T1,T_Machine_Static,busy,1,bool,192,vlft:process
2026-09-12T14:09:21.000-04:00,T1,T_Machine_Static,job_id,146,id,192,vlft:process
2026-09-12T14:09:22.000-04:00,T1,T_Machine_Static,cycle_s,2.0,s,192,vlft:process
2026-09-12T14:09:22.000-04:00,T1,T_Machine_Static,busy,0,bool,192,vlft:process
2026-09-12T14:09:22.000-04:00,T1,T_Machine_Static,job_id,146,id,192,vlft:process
2026-09-12T14:09:23.000-04:00,T1,T_Machine_Static,cycle_s,2.0,s,192,vlft:process
2026-09-12T14:09:23.000-04:00,T1,T_Machine_Static,busy,0,bool,192,vlft:process
2026-09-12T14:09:23.000-04:00,T1,T_Machine_Static,job_id,146,id,192,vlft:process
2026-09-12T14:09:24.000-04:00,T1,T_Machine_Static,cycle_s,2.0,s,192,vlft:process
2026-09-12T14:09:24.000-04:00,T1,T_Machine_Static,busy,0,bool,192,vlft:process
2026-09-12T14:09:24.000-04:00,T1,T_Machine_Static,job_id,146,id,192,vlft:process
2026-09-12T14:09:25.000-04:00,T1,T_Machine_Static,cycle_s,2.0,s,192,vlft:process
2026-09-12T14:09:25.000-04:00,T1,T_Machine_Static,busy,0,bool,192,vlft:process
2026-09-12T14:09:25.000-04:00,T1,T_Machine_Static,job_id,146,id,192,vlft:process
2026-09-12T14:09:26.000-04:00,T1,T_Machine_Static,cycle_s,2.0,s,192,vlft:process
2026-09-12T14:09:26.000-04:00,T1,T_Machine_Static,busy,0,bool,192,vlft:process
2026-09-12T14:09:26.000-04:00,T1,T_Machine_Static,job_id,146,id,192,vlft:process
2026-09-12T14:09:27.000-04:00,T1,T_Machine_Static,cycle_s,2.0,s,192,vlft:process
2026-09-12T14:09:27.000-04:00,T1,T_Machine_Static,busy,0,bool,192,vlft:process
2026-09-12T14:09:27.000-04:00,T1,T_Machine_Static,job_id,146,id,192,vlft:process
2026-09-12T14:09:28.000-04:00,T1,T_Machine_Static,cycle_s,2.0,s,192,vlft:process
2026-09-12T14:09:28.000-04:00,T1,T_Machine_Static,busy,1,bool,192,vlft:process
2026-09-12T14:09:28.000-04:00,T1,T_Machine_Static,job_id,147,id,192,vlft:process
2026-09-12T14:09:29.000-04:00,T1,T_Machine_Static,cycle_s,2.0,s,192,vlft:process
2026-09-12T14:09:29.000-04:00,T1,T_Machine_Static,busy,1,bool,192,vlft:process
2026-09-12T14:09:29.000-04:00,T1,T_Machine_Static,job_id,147,id,192,vlft:process
2026-09-12T14:09:30.000-04:00,T1,T_Machine_Static,cycle_s,2.0,s,192,vlft:process
2026-09-12T14:09:30.000-04:00,T1,T_Machine_Static,busy,0,bool,192,vlft:process
2026-09-12T14:09:30.000-04:00,T1,T_Machine_Static,job_id,147,id,192,vlft:process
2026-09-12T14:09:31.000-04:00,T1,T_Machine_Static,cycle_s,2.0,s,192,vlft:process
2026-09-12T14:09:31.000-04:00,T1,T_Machine_Static,busy,0,bool,192,vlft:process
2026-09-12T14:09:31.000-04:00,T1,T_Machine_Static,job_id,147,id,192,vlft:process
2026-09-12T14:09:32.000-04:00,T1,T_Machine_Static,cycle_s,2.0,s,192,vlft:process
2026-09-12T14:09:32.000-04:00,T1,T_Machine_Static,busy,0,bool,192,vlft:process
2026-09-12T14:09:32.000-04:00,T1,T_Machine_Static,job_id,147,id,192,vlft:process
2026-09-12T14:09:33.000-04:00,T1,T_Machine_Static,cycle_s,2.0,s,192,vlft:process
2026-09-12T14:09:33.000-04:00,T1,T_Machine_Static,busy,0,bool,192,vlft:process
2026-09-12T14:09:33.000-04:00,T1,T_Machine_Static,job_id,147,id,192,vlft:process
2026-09-12T14:09:34.000-04:00,T1,T_Machine_Static,cycle_s,2.0,s,192,vlft:process
2026-09-12T14:09:34.000-04:00,T1,T_Machine_Static,busy,0,bool,192,vlft:process
2026-09-12T14:09:34.000-04:00,T1,T_Machine_Static,job_id,147,id,192,vlft:process
2026-09-12T14:09:35.000-04:00,T1,T_Machine_Static,cycle_s,2.0,s,192,vlft:process
2026-09-12T14:09:35.000-04:00,T1,T_Machine_Static,busy,0,bool,192,vlft:process
2026-09-12T14:09:35.000-04:00,T1,T_Machine_Static,job_id,147,id,192,vlft:process
2026-09-12T14:09:36.000-04:00,T1,T_Machine_Static,cycle_s,2.0,s,192,vlft:process
2026-09-12T14:09:36.000-04:00,T1,T_Machine_Static,busy,1,bool,192,vlft:process
2026-09-12T14:09:36.000-04:00,T1,T_Machine_Static,job_id,148,id,192,vlft:process
2026-09-12T14:09:37.000-04:00,T1,T_Machine_Static,cycle_s,2.0,s,192,vlft:process
2026-09-12T14:09:37.000-04:00,T1,T_Machine_Static,busy,1,bool,192,vlft:process
2026-09-12T14:09:37.000-04:00,T1,T_Machine_Static,job_id,148,id,192,vlft:process
2026-09-12T14:09:38.000-04:00,T1,T_Machine_Static,cycle_s,2.0,s,192,vlft:process
2026-09-12T14:09:38.000-04:00,T1,T_Machine_Static,busy,0,bool,192,vlft:process
2026-09-12T14:09:38.000-04:00,T1,T_Machine_Static,job_id,148,id,192,vlft:process
2026-09-12T14:09:39.000-04:00,T1,T_Machine_Static,cycle_s,2.0,s,192,vlft:process
2026-09-12T14:09:39.000-04:00,T1,T_Machine_Static,busy,0,bool,192,vlft:process
2026-09-12T14:09:39.000-04:00,T1,T_Machine_Static,job_id,148,id,192,vlft:process
2026-09-12T14:09:40.000-04:00,T1,T_Machine_Static,cycle_s,2.0,s,192,vlft:process
2026-09-12T14:09:40.000-04:00,T1,T_Machine_Static,busy,0,bool,192,vlft:process
2026-09-12T14:09:40.000-04:00,T1,T_Machine_Static,job_id,148,id,192,vlft:process
2026-09-12T14:09:41.000-04:00,T1,T_Machine_Static,cycle_s,2.0,s,192,vlft:process
2026-09-12T14:09:41.000-04:00,T1,T_Machine_Static,busy,0,bool,192,vlft:process
2026-09-12T14:09:41.000-04:00,T1,T_Machine_Static,job_id,148,id,192,vlft:process
2026-09-12T14:09:42.000-04:00,T1,T_Machine_Static,cycle_s,2.0,s,192,vlft:process
2026-09-12T14:09:42.000-04:00,T1,T_Machine_Static,busy,0,bool,192,vlft:process
2026-09-12T14:09:42.000-04:00,T1,T_Machine_Static,job_id,148,id,192,vlft:process
2026-09-12T14:09:43.000-04:00,T1,T_Machine_Static,cycle_s,2.0,s,192,vlft:process
2026-09-12T14:09:43.000-04:00,T1,T_Machine_Static,busy,0,bool,192,vlft:process
2026-09-12T14:09:43.000-04:00,T1,T_Machine_Static,job_id,148,id,192,vlft:process
2026-09-12T14:09:44.000-04:00,T1,T_Machine_Static,cycle_s,2.0,s,192,vlft:process
2026-09-12T14:09:44.000-04:00,T1,T_Machine_Static,busy,1,bool,192,vlft:process
2026-09-12T14:09:44.000-04:00,T1,T_Machine_Static,job_id,149,id,192,vlft:process
2026-09-12T14:09:45.000-04:00,T1,T_Machine_Static,cycle_s,2.0,s,192,vlft:process
2026-09-12T14:09:45.000-04:00,T1,T_Machine_Static,busy,1,bool,192,vlft:process
2026-09-12T14:09:45.000-04:00,T1,T_Machine_Static,job_id,149,id,192,vlft:process
2026-09-12T14:09:46.000-04:00,T1,T_Machine_Static,cycle_s,2.0,s,192,vlft:process
2026-09-12T14:09:46.000-04:00,T1,T_Machine_Static,busy,0,bool,192,vlft:process
2026-09-12T14:09:46.000-04:00,T1,T_Machine_Static,job_id,149,id,192,vlft:process
2026-09-12T14:09:47.000-04:00,T1,T_Machine_Static,cycle_s,2.0,s,192,vlft:process
2026-09-12T14:09:47.000-04:00,T1,T_Machine_Static,busy,0,bool,192,vlft:process
2026-09-12T14:09:47.000-04:00,T1,T_Machine_Static,job_id,149,id,192,vlft:process
2026-09-12T14:09:48.000-04:00,T1,T_Machine_Static,cycle_s,2.0,s,192,vlft:process
2026-09-12T14:09:48.000-04:00,T1,T_Machine_Static,busy,0,bool,192,vlft:process
2026-09-12T14:09:48.000-04:00,T1,T_Machine_Static,job_id,149,id,192,vlft:process
2026-09-12T14:09:49.000-04:00,T1,T_Machine_Static,cycle_s,2.0,s,192,vlft:process
2026-09-12T14:09:49.000-04:00,T1,T_Machine_Static,busy,0,bool,192,vlft:process
2026-09-12T14:09:49.000-04:00,T1,T_Machine_Static,job_id,149,id,192,vlft:process
2026-09-12T14:09:50.000-04:00,T1,T_Machine_Static,cycle_s,2.0,s,192,vlft:process
2026-09-12T14:09:50.000-04:00,T1,T_Machine_Static,busy,0,bool,192,vlft:process
2026-09-12T14:09:50.000-04:00,T1,T_Machine_Static,job_id,149,id,192,vlft:process
2026-09-12T14:09:51.000-04:00,T1,T_Machine_Static,cycle_s,2.0,s,192,vlft:process
2026-09-12T14:09:51.000-04:00,T1,T_Machine_Static,busy,0,bool,192,vlft:process
2026-09-12T14:09:51.000-04:00,T1,T_Machine_Static,job_id,149,id,192,vlft:process
2026-09-12T14:09:52.000-04:00,T1,T_Machine_Static,cycle_s,2.0,s,192,vlft:process
2026-09-12T14:09:52.000-04:00,T1,T_Machine_Static,busy,1,bool,192,vlft:process
2026-09-12T14:09:52.000-04:00,T1,T_Machine_Static,job_id,150,id,192,vlft:process
2026-09-12T14:09:53.000-04:00,T1,T_Machine_Static,cycle_s,2.0,s,192,vlft:process
2026-09-12T14:09:53.000-04:00,T1,T_Machine_Static,busy,1,bool,192,vlft:process
2026-09-12T14:09:53.000-04:00,T1,T_Machine_Static,job_id,150,id,192,vlft:process
2026-09-12T14:09:54.000-04:00,T1,T_Machine_Static,cycle_s,2.0,s,192,vlft:process
2026-09-12T14:09:54.000-04:00,T1,T_Machine_Static,busy,0,bool,192,vlft:process
2026-09-12T14:09:54.000-04:00,T1,T_Machine_Static,job_id,150,id,192,vlft:process
2026-09-12T14:09:55.000-04:00,T1,T_Machine_Static,cycle_s,2.0,s,192,vlft:process
2026-09-12T14:09:55.000-04:00,T1,T_Machine_Static,busy,0,bool,192,vlft:process
2026-09-12T14:09:55.000-04:00,T1,T_Machine_Static,job_id,150,id,192,vlft:process
2026-09-12T14:09:56.000-04:00,T1,T_Machine_Static,cycle_s,2.0,s,192,vlft:process
2026-09-12T14:09:56.000-04:00,T1,T_Machine_Static,busy,0,bool,192,vlft:process
2026-09-12T14:09:56.000-04:00,T1,T_Machine_Static,job_id,150,id,192,vlft:process
2026-09-12T14:09:57.000-04:00,T1,T_Machine_Static,cycle_s,2.0,s,192,vlft:process
2026-09-12T14:09:57.000-04:00,T1,T_Machine_Static,busy,0,bool,192,vlft:process
2026-09-12T14:09:57.000-04:00,T1,T_Machine_Static,job_id,150,id,192,vlft:process
2026-09-12T14:09:58.000-04:00,T1,T_Machine_Static,cycle_s,2.0,s,192,vlft:process
2026-09-12T14:09:58.000-04:00,T1,T_Machine_Static,busy,0,bool,192,vlft:process
2026-09-12T14:09:58.000-04:00,T1,T_Machine_Static,job_id,150,id,192,vlft:process
2026-09-12T14:09:59.000-04:00,T1,T_Machine_Static,cycle_s,2.0,s,192,vlft:process
2026-09-12T14:09:59.000-04:00,T1,T_Machine_Static,busy,0,bool,192,vlft:process
2026-09-12T14:09:59.000-04:00,T1,T_Machine_Static,job_id,150,id,192,vlft:process
